name,url,is_snkrs_pass
【NIKE公式】G-DRAGONによるオンライントークセッション「Digital Live Talk with G-DRAGON」,https://www.nike.com/jp/launch/t/jp-af1-paranoise-digital-session-invite,False
【NIKE公式】ナイキ x G-DRAGON エア フォース 1 'Para-noise' (AF 1 07 / PARANOISE / DD3223-100),https://www.nike.com/jp/launch/t/air-force-1-low-peaceminusone-para-noise,False
"【NIKE公式】KICKCHECK - Air Force 1 ""Para-Noise""",https://www.nike.com/jp/launch/t/kickcheck-11-16-af1-para-noise,False
SNKRS 101: アプリを最大限に活用しよう,https://www.nike.com/jp/launch/t/snkrs-101,False
【NIKE公式】ナイキ x フィア オブ ゴッド 'Apparel Collection' ,https://www.nike.com/jp/launch/t/fear-of-god-apparel-collection-ho20,False
【NIKE公式】コービー 5 プロトロ 'Bruce Lee Alt' (KB5 / CD4991-101),https://www.nike.com/jp/launch/t/kobe-5-protro-bruce-lee-alt,False
【NIKE公式】コービー 5 プロトロ 'Bruce Lee' (CD4991-700 / KB5),https://www.nike.com/jp/launch/t/kobe-5-protro-bruce-lee,False
【NIKE公式】アダプト オート マックス 'Triple Black' (NIKE ADAPT AUTOMAX / CZ6799-002),https://www.nike.com/jp/launch/t/adapt-automax-triple-black,False
【NIKE公式】SB ダンク HIGH x コンセプツ 'Mallard' (DC6887-200 / CULTURAL PARTER X SB DUNK HIGH),https://www.nike.com/jp/launch/t/sb-dunk-high-concepts-mallard,False
【NIKE公式】ナイキ SB x コンセプツ 'Mallard Apparel Collection' ,https://www.nike.com/jp/launch/t/sb-concepts-mallard-apparel-collection,False
【NIKE公式】エア マックス 1 'Lemonade' (AM 1 PRM / CJ0609-700),https://www.nike.com/jp/launch/t/air-max-1-lemonade,False
【NIKE公式】エア フォース 1 '07' LOW '1-800' (AF1 ’07 PRM 1-800 / CJ1631-100),https://www.nike.com/jp/launch/t/air-force-1-low-1-800,False
【NIKE公式】エア フォース 1 '07 HIGH '1-800' (AF 1 HIGH ’07 PRM 1-800 / CU1414-001),https://www.nike.com/jp/launch/t/air-force-1-1-800,False
【NIKE公式】メンズ スペースヒッピー 04 - アイアングレー 'This is Trash' (NIKE SPACE HIPPIE 04 / CZ6398-002),https://www.nike.com/jp/launch/t/nike-space-hippie-04-cz6398-002,False
【NIKE公式】レディース スペースヒッピー 04 - アイアングレー 'This is Trash' (W NIKE SPACE HIPPIE 04 / CD3476-002),https://www.nike.com/jp/launch/t/womens-space-hippie-04-this-is-trash-iron-grey,False
【NIKE公式】KICKCHECK 10.30,https://www.nike.com/jp/launch/t/kickcheck-10-30-in-my-js,False
【NIKE公式】Classic Catalogs,https://www.nike.com/jp/launch/t/classic-catalog-1983-footwear,False
【NIKE公式】エア ジョーダン 4 'Fire Red' (AJ4 / DC7770-160),https://www.nike.com/jp/launch/t/air-jordan-4-fire-red,False
【NIKE公式】ジュニア エア ジョーダン 4 JP 'Fire Red' (408452-160 / JUNIOR AJ 4),https://www.nike.com/jp/launch/t/junior-air-jordan-4-fire-red-jp,False
SNKRS Special,https://www.nike.com/jp/launch/t/snkrs-special-air-jordan-iv-fire-red,False
【NIKE公式】The Story of Dunk Ep.3 – Dunk Phenomenon,https://www.nike.com/jp/launch/t/the-story-of-dunk-ep-3-dunk-phenomenon,False
【NIKE公式】ダンク LOW 'Ceramic' (DUNK LOW SP / DA1469-001),https://www.nike.com/jp/launch/t/dunk-low-ceramic,False
【NIKE公式】エア プレスト 'Soar' (AIR PRESTO / CJ1229-401),https://www.nike.com/jp/launch/t/air-presto-soar,False
【NIKE公式】エア ジョーダン 1 'Dark Mocha' (555088-105 / AJ 1),https://www.nike.com/jp/launch/t/air-jordan-1-dark-mocha,False
,https://www.nike.com/jp/launch/t/jp-af1-paranoise-teaser,False
【NIKE公式】エア ジョーダン 3 'Court Purple’ (AJ 3 RETRO / CT8532-050),https://www.nike.com/jp/launch/t/air-jordan-3-court-purple,False
【NIKE公式】KICKCHECK 10.27,https://www.nike.com/jp/launch/t/kickcheck-10-27-hbcu,False
【NIKE公式】ダンク HIGH 'Pure Platinum' (DUNK HI SP / CZ8149-101),https://www.nike.com/jp/launch/t/dunk-high-pure-platinum,False
【NIKE公式】エア ジョーダン 1 ズーム 'Gym Red' (AJ1 ZOOM AIR CMFT / CT0978-600),https://www.nike.com/jp/launch/t/air-jordan-1-zoom-gym-red,False
【NIKE公式】ACG マウンテン フライ GORE-TEX 'Metallic Silver' (ACG MOUNTAIN FLY GORTEX / CT2904-001),https://www.nike.com/jp/launch/t/acg-mountain-fly-metallic-silver,False
【NIKE公式】ACG マウンテン フライ GORE-TEX 'Dark Grey' (ACG MOUNTAIN FLY GORTEX / CT2904-002),https://www.nike.com/jp/launch/t/acg-mountain-fly-dark-grey,False
【NIKE公式】ACG マウンテン フライ GORE-TEX 'Khaki' (ACG MOUNTAIN FLY GORTEX / CT2904-200),https://www.nike.com/jp/launch/t/acg-mountain-fly-khaki,False
【NIKE公式】エア マックス 1 'Strawberry Lemonade' (AM 1 PRM / CJ0609-600),https://www.nike.com/jp/launch/t/air-max-1-strawberry-lemonade,False
【NIKE公式】エア マックス ゼファー 'Lime' (AM ZEPHYR / CT1682-001),https://www.nike.com/jp/launch/t/air-max-zephyr-lime,False
【NIKE公式】The Story of Dunk – Episode 2 – Pro B to SB,https://www.nike.com/jp/launch/t/the-story-of-dunk-episode-1-pro-b-to-sb,False
【NIKE公式】SNKRS PASS ダンク HIGH 'Pure Platinum' (DUNK HIGH / CZ8149-101),https://www.nike.com/jp/launch/t/dunk-high-pure-platinum-pass-jp,True
【NIKE公式】The Story of Dunk Ep.1 – Origins,https://www.nike.com/jp/launch/t/the-story-of-dunk-episode-1-origins,False
【NIKE公式】ダンク LOW 'Veneer' (DUNK LOW SP / DA1469-200),https://www.nike.com/jp/launch/t/dunk-low-veneer,False
【NIKE公式】SNKRS PASS ダンク LOW 'Veneer' (DUNK LOW SP / DA1469-200),https://www.nike.com/jp/launch/t/dunk-low-sp-veneer-pass-jp,True
【NIKE公式】Classic Catalogs,https://www.nike.com/jp/launch/t/classic-catalogs%E2%80%941988-footwear,False
【NIKE公式】エア ジョーダン 5 'What The' (AJ 5 RETRO WTJ / CZ5725-700),https://www.nike.com/jp/launch/t/air-jordan-5-what-the,False
【NIKE公式】カイブリッド S2 'Pineapple' (KYBRID S2 PINEAPPLE / CQ9323-900),https://www.nike.com/jp/launch/t/kybrid-s2-pineapple,False
【NIKE公式】KICKCHECK 10.23 – HBCU,https://www.nike.com/jp/launch/t/kickcheck-10-23-hbcu,False
【NIKE公式】ナイキ x sacai ヴェイパーワッフル 'Black and White' (NIKE VAPORWAFFLE / SACAI / CV1363-001),https://www.nike.com/jp/launch/t/sacai-vaporwaffle-black-and-white,False
【NIKE公式】ナイキ x sacai ヴェイパーワッフル 'Royal Fuchsia' (NIKE VAPORWAFFLE / SACAI / CV1363-100),https://www.nike.com/jp/launch/t/sacai-vaporwaffle-royal-fuchsia,False
【NIKE公式】TALKING SHOP - Sustainability with Sneakersnstuff,https://www.nike.com/jp/launch/t/jp-talking-shop-sneakersnstuff-sustainability,False
【NIKE公式】SB ジャノスキー キャンバス OG x ワコマリア 'Leopard' (WACKO MARIA JANO / DA7074-200),https://www.nike.com/jp/launch/t/sb-janoski-canvas-og-wacko-maria-leopard,False
【NIKE公式】SB ブレーザー LOW x ワコマリア 'Black' (WACKO MARIA BLAZER / DA7257-001),https://www.nike.com/jp/launch/t/sb-blazer-low-wacko-maria-black,False
【NIKE公式】SB x ワコマリアのデザイン誕生まで,https://www.nike.com/jp/launch/t/behind-the-design-sb-wacko-maria,False
【NIKE公式】JP SNKRS STYLE: ウィメンズ エア ジョーダン 1 Lucky Green,https://www.nike.com/jp/launch/t/jp-snkrs-style-womens-air-jordan-1-lucky-green-jp,False
【NIKE公式】ウィメンズ エア ジョーダン 1 'Lucky Green' (WMNS AJ 1 HIGH OG / DB4612-300),https://www.nike.com/jp/launch/t/womens-air-jordan-1-lucky-green,False
,https://www.nike.com/jp/launch/t/jp-pass-w-aj1-lucky-green-db4612-300,True
【NIKE公式】SNKRS STYLE: WAFFLE RACER CRATER by H BEAUTY&YOUTH,https://www.nike.com/jp/launch/t/jp-snkrs-style-waffle-racer-crater-jp,False
【NIKE公式】レディース ワッフル レーサー クレーター 'Barely Volt' (CT1983-700 / W WAFFLE RACER CRATER),https://www.nike.com/jp/launch/t/womens-waffle-racer-crater-barely-volt,False
【NIKE公式】レディース ワッフル レーサー クレーター 'Photo Blue' (W WAFFLE RACER CRATER / CT1983-100),https://www.nike.com/jp/launch/t/womens-waffle-racer-crater-photo-blue,False
【NIKE公式】レディース ワッフル レーサー クレーター 'Orange' (W WAFFLE RACER CRATER / CT1983-101),https://www.nike.com/jp/launch/t/womens-waffle-racer-crater-orange,False
【NIKE公式】The Drop Off,https://www.nike.com/jp/launch/t/the-drop-off-waffle-racer-crater-jp,False
【NIKE公式】KICKCHECK - AJ1 HIGH OG CO.JP Silver,https://www.nike.com/jp/launch/t/kickcheck-10-26-aj1-high-og-cojp,False
【NIKE公式】エア ジョーダン 1 HIGH OG CO.JP 'Midnight Navy' (AJ 1 RETRO HIGH OG / DC1788-100),https://www.nike.com/jp/launch/t/air-jordan-1-co-jp-midnight-navy,False
【NIKE公式】ジュニア エア ジョーダン 1 'Midnight Navy' (575441-141 / JUNIOR AJ 1),https://www.nike.com/jp/launch/t/air-jordan-1-midnight-navy-junior-jp,False
【NIKE公式】JP SNKRS STYLE: エア ジョーダン 1 HIGH OG CO.JP 'Midnight Navy',https://www.nike.com/jp/launch/t/jp-snkrs-style-air-jordan-1-og-co-jp-midnight-navy-jp,False
【NIKE公式】レディース ズーム ダブル スタックド 'Smoke Grey' (W ZOOM DOUBLE STACKED / CZ2909-001),https://www.nike.com/jp/launch/t/womens-zoom-double-stacked-smoke-grey,False
【NIKE公式】レディース ズーム ダブル スタックド 'Pink Blast' (CZ2909-600 / WOMEN'S ZOOM DOUBLE STACKED),https://www.nike.com/jp/launch/t/womens-zoom-double-stacked-pink-blast,False
【NIKE公式】ブレーザー MID '77 x デンハム 'Sail' (BLAZER MID '77 DNHM / CU8054-100),https://www.nike.com/jp/launch/t/blazer-mid-77-denham,False
【NIKE公式】オーバーブレイク 'Baroque Brown' (NIKE OVERBREAK SP / DA9784-200),https://www.nike.com/jp/launch/t/overbreak-baroque-brown-1,False
【NIKE公式】ダンク HIGH x スラムジャム 'Clear Black' (NIKE DUNK HIGH SLAM JAM / DA1639-101),https://www.nike.com/jp/launch/t/dunk-high-slam-jam-clear-black,False
【NIKE公式】Inside The Vault,https://www.nike.com/jp/launch/t/inside-the-vault-slam-jam,False
【NIKE公式】KICKCHECK 10.20 NSW Blazer,https://www.nike.com/jp/launch/t/kickcheck-10-30-nsw-blazer,False
【NIKE公式】SNKRS PASS エア ジョーダン 1 HIGH OG CO.JP 'Midnight Navy' (AJ1 COJP NAVY DC1788-100),https://www.nike.com/jp/launch/t/air-jordan-1-co-jp-midnight-navy-pass-jp,True
【NIKE公式】エア マックス プラス x シュプリーム 'Fire Pink' (DA1472-600 / AIR MAX PLUS X SUPREME),https://www.nike.com/jp/launch/t/air-max-plus-supreme-fire-pink,False
【NIKE公式】SNKRS PASS ブレーザー MID '77 x デンハム 'Sail' (BLAZER MID '77 DNHM / CU8054-100),https://www.nike.com/jp/launch/t/blazer-mid-77-denham-pass-jp,True
【NIKE公式】エア マックス プラス x シュプリーム 'Mean Green' (AM PLUS / SUPREME / DA1472-300),https://www.nike.com/jp/launch/t/air-max-plus-supreme-mean-green,False
【NIKE公式】エア ジョーダン 5 x Off-White™️ 'Sail' (AJ 5 RETRO SP / DH8565-100),https://www.nike.com/jp/launch/t/air-jordan-5-off-white-sail,False
【NIKE公式】エア ジョーダン 1 ズーム 'Court Black' (AJ1 ZOOM AIR CMFT / CT0978-005),https://www.nike.com/jp/launch/t/air-jordan-1-zoom-court-black,False
【NIKE公式】レディース エア ジョーダン 1 ズーム 'Plum Purple' (W AJ 1 ZOOM AIR CMFT / CT0979-001),https://www.nike.com/jp/launch/t/womens-air-jordan-1-zoom-plum-purple,False
【NIKE公式】エア ジョーダン 35 x フラグメント 'Base Grey' (AJ XXXV SP-F / DA2371-100),https://www.nike.com/jp/launch/t/air-jordan-35-fragment-base-grey,False
【NIKE公式】エア フォース 1 スケルトン 'Orange' (AF 1 SKELETON QS / CU8067-800),https://www.nike.com/jp/launch/t/air-force-1-skeleton-black,False
【NIKE公式】Classic Catalogs,https://www.nike.com/jp/launch/t/classic-catalogs-1994-holiday-footwear,False
【NIKE公式】Kickcheck 10.16 – In My J's,https://www.nike.com/jp/launch/t/kickcheck-10-16-in-my-js,False
【NIKE公式】エア フォース 1 'Good Game' (AF 1 '07 LV8 / DC0710-191),https://www.nike.com/jp/launch/t/air-force-1-good-game,False
【NIKE公式】ブレーザー MID '77 ビンテージ 'Good Game' (BLAZER MID '77 VNTG / DC3280-101),https://www.nike.com/jp/launch/t/blazer-mid-77-good-game,False
【NIKE公式】エア ジョーダン 1 ズーム 'Esports' (AJ 1 ZOOM AIR CMFT -ESPORT / DD1453-001),https://www.nike.com/jp/launch/t/air-jordan-1-zoom-esports,False
【NIKE公式】Nike x sacai Apparel Collection,https://www.nike.com/jp/launch/t/sacai-apparel-collection-ho20,False
【NIKE公式】エア ジョーダン 1 HIGH OG CO.JP 'Midnight Navy' (AJ 1 HIGH OG 2020 / DB5877-100),https://www.nike.com/jp/launch/t/air-jordan-1-high-og-co-jp-midnight-navy,False
【NIKE公式】ISPA ロード ウォリアー 'Clear Jade' (ZOOM ROAD WARRIOR ISPA / CW9410-400),https://www.nike.com/jp/launch/t/ispa-road-warrior-clear-jade,False
【NIKE公式】レディース エア ジョーダン 1 MID 'Sisterhood' (WMNS AJ 1 MID SE / CV0152-401),https://www.nike.com/jp/launch/t/womens-air-jordan-1-mid-sisterhood,False
【NIKE公式】レディース エア ジョーダン 1 ズーム 'Sisterhood' (CZ1360-401 / WOMEN’S AJ 1 ZOOM),https://www.nike.com/jp/launch/t/womens-air-jordan-1-zoom-sisterhood,False
【NIKE公式】レディース エア フォース 1 ‘07 LX 'Gold Luxe' (W AF 1 '07 LX HO20 / CT1990-001),https://www.nike.com/jp/launch/t/womens-air-foroce-1-07-lx-gold-luxe,False
 【NIKE公式】レディース エア フォース 1 ‘07 LX 'Chrome Luxe' (W AF 1 '07 LX HO20 / CT1990-100),https://www.nike.com/jp/launch/t/womens-air-foroce-1-07-lx-chrome-luxe,False
【NIKE公式】Talking Shop - atmos pink,https://www.nike.com/jp/launch/t/talking-shop-atmos-pink-jp,False
【NIKE公式】レディース エア フォース 1 ピクセル 'Ghost Aqua' (W AF-1 PIXEL / CK6649-400),https://www.nike.com/jp/launch/t/womens-air-force-1-pixel-ghost-aqua,False
【NIKE公式】エア マックス 3 'Radiant Red' (AM III / CT1685-100),https://www.nike.com/jp/launch/t/air-max-3-radiant-red,False
【NIKE公式】What You Got 32,https://www.nike.com/jp/launch/t/what-you-got-mini-swoosh,False
【NIKE公式】KICKCHECK - 10.13,https://www.nike.com/jp/launch/t/kickcheck-10-13,False
【NIKE公式】エア フォース 1 HIGH GORE-TEX ブーツ 'Wheat' (AF 1 GTX BOOT / CT2815-200),https://www.nike.com/jp/launch/t/air-force-1-high-goretex-boot-wheat,False
【NIKE公式】エア フォース 1 HIGH GORE-TEX ブーツ 'Anthracite' (CT2815-001 / AF 1 GTX BOOT),https://www.nike.com/jp/launch/t/air-force-1-high-gore-tex-boot-anthracite,False
【NIKE公式】JP SNKRS STYLE:  AF1 GORETEX BOOT,https://www.nike.com/jp/launch/t/snkrs-style-af1-goretex-boot-jp,False
【NIKE公式】KICKCHECK 10.9,https://www.nike.com/jp/launch/t/kickcheck-10-9,False
【NIKE公式】SB ダンク LOW プロ 'Dark Grey' (CT2224-001 / NIKE SB DUNK LOW PRO),https://www.nike.com/jp/launch/t/sb-dunk-low-pro-dark-grey,False
【NIKE公式】SNKRS PASS SB ダンク LOW プロ 'Dark Grey' (SB DUNK LOW / CT2224-001),https://www.nike.com/jp/launch/t/sb-dunk-low-pro-dark-grey-pass-jp,True
【NIKE公式】エア マックス 1 x デンハム 'Blue Void' (CW7603-400 / NIKE AM 1 DNHM),https://www.nike.com/jp/launch/t/air-max-1-denham-blue-void,False
【NIKE公式】エア マックス 90 x デンハム 'Infrared' (CU1646-400 / AM 90 DNHM),https://www.nike.com/jp/launch/t/air-max-90-denham-infared,False
【NIKE公式】SNKRS PASS エア マックス 90 x デンハム 'Infrared' (AM90 DNHM / CU1646-400),https://www.nike.com/jp/launch/t/air-max-90-denham-infared-pass-jp,True
【NIKE公式】SNKRS PASS エア マックス 1 x デンハム 'Blue Void' (Am1 DNHM / CW7603-400),https://www.nike.com/jp/launch/t/air-max-1-denham-blue-void-pass-jp,True
【NIKE公式】レディース ダンク LOW ディスラプト 'Black Gum' (CK6654-002 / W NIKE DUNKED),https://www.nike.com/jp/launch/t/womens-dunk-low-disrupt-black-gum,False
【NIKE公式】レディース ダンク LOW ディスラプト 'University Red' (CK6654-600 / W NIKE DUNKED),https://www.nike.com/jp/launch/t/womens-dunk-low-disrupt-university-red,False
【NIKE公式】THE DROP OFF,https://www.nike.com/jp/launch/t/the-drop-off-dunk-disrupt,False
【NIKE公式】KICKCHECK 8.28 WMNS Dunk,https://www.nike.com/jp/launch/t/kickcheck-9-1-dunk,False
【NIKE公式】Classic Catalogs,https://www.nike.com/jp/launch/t/classic-catalogs-1976-footwear,False
【NIKE公式】KICKCHECK 10.6,https://www.nike.com/jp/launch/t/kickcheck-10-6,False
【NIKE公式】THE DROP OFF,https://www.nike.com/jp/launch/t/the-drop-off-air-jordan-iv-psg,False
【NIKE公式】エア ジョーダン 4 'Paris Saint-Germain' (CZ5624-100 / AJ 4),https://www.nike.com/jp/launch/t/air-jordan-4-paris-saint-germain,False
【NIKE公式】SNKRS PASS エア ジョーダン 4 'Paris Saint-Germain' (CZ5624-100/ AJ4),https://www.nike.com/jp/launch/t/air-jordan-4-paris-saint-germain-pass-jp,True
【NIKE公式】エア マックス 90 サープラス 'Black' (CQ7743-001 / AM 90 SURPLUS),https://www.nike.com/jp/launch/t/air-max-90-surplus-black,False
【NIKE公式】エア マックス 90 サープラス 'Desert' (CQ7743-200 / AM 90 SURPLUS),https://www.nike.com/jp/launch/t/air-max-90-surplus-desert,False
【NIKE公式】エア マックス 90 サープラス 'Cargo Khaki' (CQ7743-300 / AM 90 SURPLUS),https://www.nike.com/jp/launch/t/air-max-90-surplus-cargo-khaki,False
【NIKE公式】オフライン 'Anthracite' (CJ0693-003 / NIKE OFFLINE),https://www.nike.com/jp/launch/t/offline-anthracite,False
【NIKE公式】Air Force 1 Pendleton By Youのデザイン誕生まで,https://www.nike.com/jp/launch/t/behind-the-design-air-force-1-pendleton-by-you,False
【NIKE公式】KICKCHECK 10.2 - IN MY J'S,https://www.nike.com/jp/launch/t/kickcheck-10-2-in-my-js,False
【NIKE公式】LANDA CONSERVATORYについて詳しく知る,https://www.nike.com/jp/launch/t/air-landa-conservatorys-art-project,False
【NIKE公式】エア マックス 1 'Spiral Sage' (NIKE AM 1 PRM / DB5074-100),https://www.nike.com/jp/launch/t/air-max-1-spiral-sage,False
【NIKE公式】エア マックス 1 'Wolf Grey' (NIKE AM 1 PRM / DB5074-101),https://www.nike.com/jp/launch/t/air-max-1-wolf-grey,False
【NIKE公式】Classic Catalogs,https://www.nike.com/jp/launch/t/classic-catalogs-1981-footwear,False
【NIKE公式】ISPA ドリフター ゲイター 'Hyper Crimson' (CI1392-100 / NIKE DRIFTER GATOR ISPA),https://www.nike.com/jp/launch/t/ispa-drifter-gator-hyper-crimson,False
【NIKE公式】ドリフター ゲイター ISPA 'Coastal Blue/Volt' (CI1392-400 / NIKE DRIFTER GATOR ISPA),https://www.nike.com/jp/launch/t/drifter-gator-ispa-coastal-blue-volt,False
【NIKE公式】レディース エア マックス 3 'Pink Blast' (W AIR MAX III / CT1887-100),https://www.nike.com/jp/launch/t/womens-air-max-3-concord,False
【NIKE公式】エア フォース 1 LOW 'Wheat Mocha' (DC7504-700 / AF 1 LOW RETRO),https://www.nike.com/jp/launch/t/air-force-1-low-wheat-mocha,False
【NIKE公式】PLAYGROUND COFFEE SHOPについて詳しく知る,https://www.nike.com/jp/launch/t/air-jordan-get-to-know-playground-coffee-shop-zenat-begum,False
【NIKE公式】レディース エア ジョーダン 1 MID 'Guava Ice' (BQ6472-800 / WMNS AJ 1 MID),https://www.nike.com/jp/launch/t/womens-air-jordan-1-mid-guava-ice,False
【NIKE公式】レディース ワッフル レーサー 2X 'Solar Flare' (CK6647-002 / WOMEN’S WAFFLE RACER 2X),https://www.nike.com/jp/launch/t/womens-waffle-racer-2x-solar-flare,False
【NIKE公式】レディース ワッフル レーサー 2X 'Arctic Pink' (CK6647-601 / WOMEN’S WAFFLE RACER 2X),https://www.nike.com/jp/launch/t/womens-waffle-racer-2x-artic-pink,False
【NIKE公式】KICKCHECK 9.25,https://www.nike.com/jp/launch/t/kickcheck-9-25,False
【NIKE公式】KICKCHECK 9.22 ,https://www.nike.com/jp/launch/t/kickcheck-9-22,False
ラバー ダンク x Off-White™️ 'University Gold' 発売日,https://www.nike.com/jp/launch/t/rubber-dunk-off-white-university-gold,False
【NIKE公式】Rubber Dunk x Off-White™️のデザイン誕生まで,https://www.nike.com/jp/launch/t/behind-the-design-rubber-dunk,False
【NIKE公式】レディース ジョーダン ズーム '92 'Cactus Flower' (CK9184-105 / WOMEN’S JORDAN ZOOM '92),https://www.nike.com/jp/launch/t/womens-jordan-zoom-92-cactus-flower,False
【NIKE公式】What You Got 30,https://www.nike.com/jp/launch/t/what-you-got-mamba-week-pj-tucker,False
【NIKE公式】What You Got 27,https://www.nike.com/jp/launch/t/what-you-got-mamba-week-undefeated,False
【NIKE公式】コービー 5 プロトロ '5 Rings' (CD4991-400 / KOBE 5 PROTRO),https://www.nike.com/jp/launch/t/kobe-5-protro-5-rings,False
エア ジョーダン 4 x ユニオン LA 'Off Noir' 発売日,https://www.nike.com/jp/launch/t/air-jordan-4-union-la-off-noir,False
【NIKE公式】ジョーダン デルタ MID x ユニオン LA 'Off Noir' (DA1951-001 / JORDAN DELTA MID U),https://www.nike.com/jp/launch/t/jordan-delta-mid-union-la-off-noir,False
【NIKE公式】ズーム ‘92 x ユニオン LA 'Guava Ice' (DA2553-800 / ZOOM '92),https://www.nike.com/jp/launch/t/zoom-92-union-los-angeles-guava-ice,False
【NIKE公式】Jordan x UNION LA Apparel コレクション Vol.1,https://www.nike.com/jp/launch/t/jordan-union-apparel-collection-fa20,False
【NIKE公式】Jordan x UNION LA Apparel コレクション Vol.2,https://www.nike.com/jp/launch/t/jordan-union-apparel-collection-2-fa20,False
【NIKE公式】Talking Shop - UNION TOKYO,https://www.nike.com/jp/launch/t/talking-shop-union-tokyo-jp,False
【NIKE公式】THE DROP OFF,https://www.nike.com/jp/launch/t/the-drop-off-union-x-jordan,False
【NIKE公式】Jordan x UNION LA Footwearのデザイン誕生まで,https://www.nike.com/jp/launch/t/behind-the-design-jordan-union-la-footwear-collection,False
【NIKE公式】Jordan x Union LA Apparelのデザイン誕生まで,https://www.nike.com/jp/launch/t/behind-the-design-jordan-union-la-apparel,False
【NIKE公式】Classic Catalogs,https://www.nike.com/jp/launch/t/classic-catalogs-2005-nike-shox-footwear,False
【NIKE公式】KICKCHECK 9.18 - IN MY J'S,https://www.nike.com/jp/launch/t/kickcheck-9-18-in-my-js,False
【NIKE公式】キルショット 'Off-Noir' (DC1982-001 / KILLSHOT OG SP),https://www.nike.com/jp/launch/t/killshot-off-noir,False
【NIKE公式】キルショット 'Coastal Blue' (DC1982-400 / KILLSHOT OG SP),https://www.nike.com/jp/launch/t/killshot-coastal-blue,False
【NIKE公式】キルショット 'Beetroot' (DC1982-600 / KILLSHOT OG SP),https://www.nike.com/jp/launch/t/killshot-beetroot,False
【NIKE公式】エア フォース 1 フライレザー 'Ruohan Wang' (CZ3990-900 / AF 1 FLYLEATHER),https://www.nike.com/jp/launch/t/air-force-1-flyleather-rouhan-wang,False
【NIKE公式】ブレーザー MID '77 フライレザー 'Ruohan Wang' (CZ3775-900 / BLAZER MID '77 FLYLEATHER),https://www.nike.com/jp/launch/t/blazer-mid-77-flyleather-rouhan-wang,False
エア マックス 90 フライレザー 'Ruohan Wang' 発売日,https://www.nike.com/jp/launch/t/air-max-90-flyleather-rouhan-wang,False
【NIKE公式】レディース エア ジョーダン 6 'Tech Chrome' (CK6635-001 / WOMEN’S AJ 6),https://www.nike.com/jp/launch/t/womens-air-jordan-6-tech-chrome,False
【NIKE公式】SNKRS STYLE: WMNS AJ6 TECH CHROME,https://www.nike.com/jp/launch/t/snkrs-style-wmns-aj6-tech-chrome-jp,False
ダンク HIGH 'Maize and Blue' 発売日,https://www.nike.com/jp/launch/t/dunk-high-maize-blue,False
【NIKE公式】SNKRS STYLE: DUNK HI MAIZE & BLUE,https://www.nike.com/jp/launch/t/snkrs-style-dunk-hi-maize-blue-jp,False
【NIKE公式】SNKRS PASS ダンク HIGH Maize and Blue (Dunk HIGH / CZ8149-700),https://www.nike.com/jp/launch/t/dunk-high-maize-blue-pass-jp,True
【NIKE公式】ジョーダン ズーム '92 'Sail' (CK9183-100 / JORDAN ZOOM '92),https://www.nike.com/jp/launch/t/jordan-zoom-92-sail,False
【NIKE公式】レディース ブレーザー MID '77 'Swatch' (DA2142-146 / W BLAZER MID '77),https://www.nike.com/jp/launch/t/womens-blazer-mid-77-swatch,False
レディース スペースヒッピー 04 - アストロノミー ブルー 'This is Trash' 発売日,https://www.nike.com/jp/launch/t/womens-space-hippie-04-astronomy-blue-this-is-trash,False
【NIKE公式】スペースヒッピー 04 'This is Trash' (CZ6398-101 / SPACE HIPPIE 04),https://www.nike.com/jp/launch/t/space-hippie-04-this-is-trash-astronomy-blue,False
【NIKE公式】SNKRS STYLE: WMNS SPACE HIPPIE 04 ASTRONOMY BLUE,https://www.nike.com/jp/launch/t/snkrs-style-wmns-space-hippie-04-astronomy-blue-jp,False
エア マックス 1 'Limeade' 発売日,https://www.nike.com/jp/launch/t/air-max-1-limeade,False
【NIKE公式】KICKCHECK 9.14 – KOBE,https://www.nike.com/jp/launch/t/kickcheck-9-14-kobe,False
【NIKE公式】ダンク HIGH 'Spartan Green' (CZ8149-100 / DUNK HIGH),https://www.nike.com/jp/launch/t/dunk-high-spartan-green,False
【NIKE公式】SNKRS PASS ダンク 'PRO GREEN' (DUNK PRO GREEN CZ8149-100),https://www.nike.com/jp/launch/t/dunk-high-pro-green-pass-jp,True
【NIKE公式】Classic Catalogs,https://www.nike.com/jp/launch/t/classic-catalogs-1984-footwear,False
【NIKE公式】エア ジョーダン 3 x フラグメント 'White' (DA3595-100 / AJ 3 X FRAGMENT),https://www.nike.com/jp/launch/t/air-jordan-3-fragment-white,False
【NIKE公式】ジョーダン エア ケイデンス 'Fragment' (DA3655-001 / AIR CADENCE SP-TKO),https://www.nike.com/jp/launch/t/jordan-air-cadence-fragment,False
【NIKE公式】ジョーダン x フラグメント 'Apparel Collection' ,https://www.nike.com/jp/launch/t/jordan-fragment-apparel-collection-fa20,False
【NIKE公式】ジョーダン x フラグメント 'Apparel Collection' 2,https://www.nike.com/jp/launch/t/jordan-fragment-apparel-collection-fa20-2,False
【NIKE公式】SNKRS STYLE: JORDAN BRAND X FRAGMENT DESIGN,https://www.nike.com/jp/launch/t/jp-snkrs-style-jordan-brand-x-fragment-design-jp,False
【NIKE公式】Jordan x Fragmentのデザイン誕生まで,https://www.nike.com/jp/launch/t/behind-the-design-jordan-fragment,False
【NIKE公式】アダプト オート マックス 'Fireberry' (CZ6804-001 / ADAPT AUTO MAX),https://www.nike.com/jp/launch/t/adapt-auto-max-fireberry,False
【NIKE公式】KICKCHECK 9.11,https://www.nike.com/jp/launch/t/kickcheck-9-11,False
【NIKE公式】Classic Catalogs,https://www.nike.com/jp/launch/t/classic-catalogs-2001-basketball-footwear,False
【NIKE公式】KICHCHECK 9.8,https://www.nike.com/jp/launch/t/kickcheck-9-8,False
【NIKE公式】レディース エア マックス ヴェローナ 'Audacious Air Pack' (CU7909-100 / WOMEN’S AM VERONA),https://www.nike.com/jp/launch/t/womens-air-max-verona-audacious-air-pack,False
【NIKE公式】レディース エア マックス アップ 'Audacious Air Pack' (DA8984-100 / WOMEN’S AM UP),https://www.nike.com/jp/launch/t/womens-air-max-up-audacious-air-pack,False
【NIKE公式】KICKCHECK 9.4 – IN MY J'S,https://www.nike.com/jp/launch/t/kickcheck-9-4-in-my-js,False
【NIKE公式】エア ジョーダン 7 GC 'Chile Red' (CW2805-160 / AJ 7),https://www.nike.com/jp/launch/t/air-jordan-7-gc-chile-red,False
【NIKE公式】エア マックス 95 'DNA Sail' (DA4301-100 / AM 95),https://www.nike.com/jp/launch/t/air-max-95-dna-sail,False
【NIKE公式】エア マックス 95 'DNA Aurora Green' (DA7735-001 / AM 95),https://www.nike.com/jp/launch/t/air-max-95-dna-aurora-green,False
【NIKE公式】Classic Catalogs,https://www.nike.com/jp/launch/t/classic-catalogs-2002-air-presto,False
【NIKE公式】エア ジョーダン 1 ズーム 'Crater' (CW2414-001 / AJ 1 ZOOM),https://www.nike.com/jp/launch/t/air-jordan-1-zoom-crater,False
ダンク LOW 'Community Garden' 発売日,https://www.nike.com/jp/launch/t/dunk-low-community-garden,False
【NIKE公式】SNKRS PASS ダンク LOW 'Community Garden' (CZ9747-900 NIKE DUNK LOW),https://www.nike.com/jp/launch/t/dunk-low-community-garden-jp,False
【NIKE公式】カイブリッド S2 'What The USA' (CT1971-400 / KYBRID S2),https://www.nike.com/jp/launch/t/kybrid-s2-what-the-usa,False
【NIKE公式】レディース ジョーダン ズーム '92 'Sail' (CK9184-100 / WOMEN'S JORDAN ZOOM '92),https://www.nike.com/jp/launch/t/womens-jordan-zoom-92-sail,False
【NIKE公式】ISPA オーバーリアクト フライニット 'Shadowberry' (CD9664-002 / ISPA OVERREACT FLYKNIT),https://www.nike.com/jp/launch/t/ispa-overreact-flyknit-shadowberry,False
エア マックス 2090 'Hidden Message' 発売日,https://www.nike.com/jp/launch/t/air-max-2090-hidden-message,False
エア マックス 95 'Hidden Message' 発売日,https://www.nike.com/jp/launch/t/air-max-95-hidden-message,False
エア フォース 1 'Hidden Message' 発売日,https://www.nike.com/jp/launch/t/air-force-1-hidden-message,False
【NIKE公式】SNKRS STYLE: HIDDEN MESSAGE,https://www.nike.com/jp/launch/t/snkrs-style-hidden-message,False
【NIKE公式】What You Got 26,https://www.nike.com/jp/launch/t/what-you-got-mamba-week-josh-hart,False
【NIKE公式】エア ジョーダン 1 'Smoke Grey' (555088-126 / AJ 1),https://www.nike.com/jp/launch/t/air-jordan-1-smoke-grey,False
【NIKE公式】ダンク LOW ディスラプト 'Game Royal' (CK6654-100 / DUNK LOW DISRUPT),https://www.nike.com/jp/launch/t/dunk-low-disrupt-game-royal,False
【NIKE公式】ダンク LOW ディスラプト 'Black' (CK6654-102 / DUNK LOW DISRUPT),https://www.nike.com/jp/launch/t/dunk-low-disrupt-black,False
【NIKE公式】Dunk Low Disruptのデザイン誕生まで,https://www.nike.com/jp/launch/t/behind-the-design-dunk-disrupt,False
【NIKE公式】アダプト BB 2.0 'Black Mag' (BQ5397-002 / ADAPT BB 2.0),https://www.nike.com/jp/launch/t/adapt-bb-2-black-mag,False
【NIKE公式】エア ジョーダン 1 'SMOKE GREY' (555088-126 / AJ1),https://www.nike.com/jp/launch/t/air-jordan-1-smoke-grey-pass-jp,True
【NIKE公式】What You Got 25,https://www.nike.com/jp/launch/t/what-you-got-mamba-week-demar-derozan,False
【NIKE公式】KICKCHECK 8.21 – IN MY J'S,https://www.nike.com/jp/launch/t/kickcheck-8-21-in-my-js,False
ISPA ドリフター スプリット 'Spruce' 発売日,https://www.nike.com/jp/launch/t/ispa-drifter-split-spruce,False
ISPA ドリフター スプリット 'Iron Grey' 発売日,https://www.nike.com/jp/launch/t/ispa-drifter-split-iron-grey,False
【NIKE公式】Classic Catalogs,https://www.nike.com/jp/launch/t/classic-catalogs-1986-footwear,False
【NIKE公式】レディース エア ジョーダン 1 MID 'Patent Blend' (CV5276-001 / WOMEN’S AJ 1 MID),https://www.nike.com/jp/launch/t/womens-air-jordan-1-mid-patent-blend,False
【NIKE公式】エア ズーム タイプ 'Hyper Pink' (CJ2033-003 / AIR ZOOM-TYPE),https://www.nike.com/jp/launch/t/zoom-type-hyper-pink,False
【NIKE公式】Mamba Mentality: Mamba Week,https://www.nike.com/jp/launch/t/mamba-mentality-mamba-week-jp,False
【NIKE公式】エア ジョーダン 5 'GHOST GREEN' (DB3335-100 / AJ5 GHOST GREEN),https://www.nike.com/jp/launch/t/air-jordan-5-ghost-green-pass-jp,True
【NIKE公式】エア ジョーダン 5 'Ghost Green' (DB3335-100 / AJ 5),https://www.nike.com/jp/launch/t/air-jordan-5-ghost-green,False
【NIKE公式】レイカーズ エディション ジャージー 'Black Mamba' (DJ0471-010 / KOBE JERSEY),https://www.nike.com/jp/launch/t/lakers-edition-jersey-black-mamba,False
【NIKE公式】コービー 5 プロトロ 'Big Stage' (CT8014-100 / KOBE V PROTRO),https://www.nike.com/jp/launch/t/kobe-5-protro-big-stage,False
【NIKE公式】コービー 5 プロトロ '5x Champ' (CD4991-500 / KOBE V PROTRO),https://www.nike.com/jp/launch/t/kobe-v-protro-5x-champ,False
【NIKE公式】What You Got 24,https://www.nike.com/jp/launch/t/what-you-got-mamba-week-jewell-loyd,False
【NIKE公式】オフライン 'Vast Grey' (CJ0693-001 / OFF-LINE),https://www.nike.com/jp/launch/t/off-line-vast-grey,False
【NIKE公式】オフライン 'Black Menta’ (CJ0693-002 / OFF-LINE),https://www.nike.com/jp/launch/t/off-line-black-menta,False
【NIKE公式】SB ダンク LOW x MEDICOM TOY 'BE@RBRICK’ （SB DUNK LOW X MEDICOM TOY / CZ5127-001）,https://www.nike.com/jp/launch/t/sb-dunk-low-medicom-be-rbrick,False
【NIKE公式】The Drop Off,https://www.nike.com/jp/launch/t/the-drop-off-medicom-dunk,False
【NIKE公式】KICKCHECK 8.18,https://www.nike.com/jp/launch/t/kickcheck-8-18,False
【NIKE公式】Classic Catalogs,https://www.nike.com/jp/launch/t/classic-catalogs-2005-late-spring-footwear,False
【NIKE公式】Nike By Youのデザイン誕生まで,https://www.nike.com/jp/launch/t/behind-the-design-nike-by-you,False
【NIKE公式】レディース エア ジョーダン 3 'Laser Orange' (CK9246-108 / WOMEN’S AJ 3),https://www.nike.com/jp/launch/t/womens-air-jordan-3-laser-orange,False
【NIKE公式】SNKRS STYLE: WMNS AJ3 BY UNDEFEATED,https://www.nike.com/jp/launch/t/snkrs-style-wmns-aj3-by-undefeated,False
【NIKE公式】エア マックス 95 'Daisy Chain' (CZ8102-001 / AM 95),https://www.nike.com/jp/launch/t/air-max-95-daisy-chain,False
【NIKE公式】エア ジョーダン 12 'Indigo' (130690-404 / AJ 12),https://www.nike.com/jp/launch/t/air-jordan-12-indigo,False
【NIKE公式】KICKCHECK 8.14 - Nike By You,https://www.nike.com/jp/launch/t/kickcheck-8-14-nby,False
【NIKE公式】ダンク LOW 'Samba' (CZ2667-400 / DUNK LOW),https://www.nike.com/jp/launch/t/dunk-low-samba,False
【NIKE公式】The Drop—Off,https://www.nike.com/jp/launch/t/the-drop-off-samba-dunk,False
【NIKE公式】SNKRS PASS ダンク LOW 'SAMBA' (CZ2667-400 DUNK LOW),https://www.nike.com/jp/launch/t/dunk-low-samba-pass-jp,True
【NIKE公式】KD13 'Easy Money Sniper' (DA1341-100 / KD13),https://www.nike.com/jp/launch/t/kd-13-easy-money-sniper,False
【NIKE公式】スペースヒッピー 04 - レモン ヴェノム 'This is Trash' (CZ6398-700 / SPACE HIPPIE 04),https://www.nike.com/jp/launch/t/space-hippie-04-this-is-trash-lemon-venom,False
【NIKE公式】スペース ヒッピー 01 - ウィート ホワイト 'This is Trash' (CZ6148-002 / SPACE HIPPIE 01),https://www.nike.com/jp/launch/t/space-hippie-01-wheat-white,False
【NIKE公式】ウィメンズ スペースヒッピー 04 - レモン ヴェノム 'This is Trash' (CD3476-700 / SPACE HIPPIE 04),https://www.nike.com/jp/launch/t/womens-space-hippie-04-this-is-trash-lemon-venom,False
【NIKE公式】KICKCHECK 8.11,https://www.nike.com/jp/launch/t/kickcheck-8-11,False
【NIKE公式】エア マックス ZM950 'Vast Grey' (CK6852-002 / AM ZM950),https://www.nike.com/jp/launch/t/air-max-zm950-vast-grey,False
【NIKE公式】The Drop Off,https://www.nike.com/jp/launch/t/the-drop-off-am-zoom-950-jp,False
【NIKE公式】KICKCHECK 8.7 - IN MY J'S,https://www.nike.com/jp/launch/t/kickcheck-8-7-in-my-js,False
【NIKE公式】Classic Catalogs,https://www.nike.com/jp/launch/t/classic-catalogs-1992-acg-aqua-gear-footwear,False
【NIKE公式】ISPA フロー 2020 SE 'Spruce' (CI1474-001 / ISPA INTAKE),https://www.nike.com/jp/launch/t/ispa-flow-2020-se-spruce,False
【NIKE公式】ISPA フロー 2020 SE 'Olive' (CI1474-200 / ISPA FLOW 2020 SE),https://www.nike.com/jp/launch/t/ispa-flow-2020-se-olive,False
ナイキ x ISPA 'Apparel Collection' 発売日,https://www.nike.com/jp/launch/t/ispa-apparel-collection-fa20-2,False
【NIKE公式】レブロン 17 'Graffiti Cold Blue' (CT6047-400 / LEBRON 17),https://www.nike.com/jp/launch/t/lebron-17-graffiti-cold-blue,False
【NIKE公式】ACG エア デシューツ 'Mt. Fuji' (CZ3776-001 / ACG AIR DESCHUTZ),https://www.nike.com/jp/launch/t/acg-air-deschutz-mt-fuji,False
【NIKE公式】ACG エア モック 3.0 'Mt. Fuji' (CW9427-001 / ACG AIR MOC 3.0 LEATHER),https://www.nike.com/jp/launch/t/acg-air-moc-3-mt-fuji,False
【NIKE公式】SNKRS STYLE: ACG DESCHUTZ MT. FUJI,https://www.nike.com/jp/launch/t/jp-snkrs-style-acg-deschutz-mt-fuji,False
【NIKE公式】ACG ズーム エア AO 'Black' (CT2898-003 / ACG ZOOM AIR AO),https://www.nike.com/jp/launch/t/acg-zoom-air-ao-black,False
【NIKE公式】ACG ズーム エア AO 'Medium Khaki' ('CT2898-201 / ACG ZOOM AIR AO),https://www.nike.com/jp/launch/t/acg-zoom-air-ao-medium-khaki,False
【NIKE公式】アダプトBB 2.0 'Mag' (BQ5397-003 / ADAPT BB 2.0),https://www.nike.com/jp/launch/t/adapt-bb-2-og1-1,False
【NIKE公式】RETRO REFLECTIONS: AJ1 CO.JP,https://www.nike.com/jp/launch/t/retro-reflections-aj1-co-jp,False
【NIKE公式】エア ジョーダン 3 JP 'Denim' (CZ6433-100 / AJ 3 JP),https://www.nike.com/jp/launch/t/air-jordan-3-jp-denim,False
【NIKE公式】ジュニア エア ジョーダン 3 JP 'Denim' (B4169-100 / JUNIOR AJ 3 JP),https://www.nike.com/jp/launch/t/junior-air-jordan-3-jp-jp,False
【NIKE公式】SNKRS STYLE: AJ3 JP DENIM,https://www.nike.com/jp/launch/t/jp-snkrs-style-aj3-jp-denim,False
【NIKE公式】SNKRS PASS エア ジョーダン 3  JP 'Denim' (AJ3 DENIM CZ6433-100),https://www.nike.com/jp/launch/t/air-jordan-3-jp-denim-pass-jp,True
【NIKE公式】エア マックス 90 'Infrared Blend' (CZ5588-002 / AM 90),https://www.nike.com/jp/launch/t/air-max-90-infared-blend,False
【NIKE公式】Classic Catalogs,https://www.nike.com/jp/launch/t/classic-catalogs-1990-fall-footwear,False
【NIKE公式】レディース エア マックス アップ 'Triple Black' (CK4124-001 / WOMEN’S AM UP),https://www.nike.com/jp/launch/t/womens-max-up-triple-black,False
【NIKE公式】レディース エア マックス アップ 'Hyper Crimson' (CK4124-800 / WOMEN’S AM UP),https://www.nike.com/jp/launch/t/womens-air-max-up-hyper-crimson,False
【NIKE公式】レディース エア ジョーダン 1 HIGH OG 'Satin Red' (CD0461-601 / WMNS AJ 1 HIGH OG),https://www.nike.com/jp/launch/t/womens-air-jordan-1-satin-red,False
【NIKE公式】SNKRS STYLE: WMNS AJ1 SATIN RED,https://www.nike.com/jp/launch/t/jp-snkrs-style-wmns-aj1-satin-red,False
【NIKE公式】THE DROP OFF,https://www.nike.com/jp/launch/t/the-drop-off-aj-1-satin,False
【NIKE公式】SNKRS PASS ウィメンズ エア ジョーダン 1 'Satin Red' (W AJ1 SATIN CD0461-601 / W AJ1),https://www.nike.com/jp/launch/t/womens-air-jordan-1-satin-red-pass-jp,True
【NIKE公式】Classic Catalogs,https://www.nike.com/jp/launch/t/classic-catalogs-1979-footwear,False
【NIKE公式】エア ジョーダン 1 レトロ HIGH OG CO.JP 'Tokyo' (DC1788-029 / AJ 1 RETRO HIGH OG),https://www.nike.com/jp/launch/t/air-jordan-1-retro-hi-tokyo,False
【NIKE公式】ジュニア エア ジョーダン 1 HIGH OG CO.JP 'Tokyo' (575441-029 / JUNIOR AJ 1 HIGH OG),https://www.nike.com/jp/launch/t/junior-air-jordan-1-retro-hi-tokyo-jp,False
【NIKE公式】SNKRS PASS エア ジョーダン 1 HIGH OG CO.JP 'TOKYO' (DC1788-029 / AJ1),https://www.nike.com/jp/launch/t/air-jordan-1-retro-hi-tokyo-pass-jp,True
【NIKE公式】AJ 1 CO.JPのデザイン誕生まで,https://www.nike.com/jp/launch/t/behind-the-design-aj-1-co-jp,False
【NIKE公式】カイブリッド S2 'Sashiko' (DA6808-100 / KYBRID S2z),https://www.nike.com/jp/launch/t/kybrid-s2-sashiko,False
【NIKE公式】エア マックス 3 'Laser Blue' (CJ6779-100 / AM III),https://www.nike.com/jp/launch/t/air-max-3-laser-blue,False
【NIKE公式】レディース エア マックス 3 'Eggplant' (CW1360-100 / AM III),https://www.nike.com/jp/launch/t/womens-air-max-3-eggplant,False
【NIKE公式】The Drop Off,https://www.nike.com/jp/launch/t/the-drop-off-air-max-3,False
レブロン 17 'Graffiti Fire Red' 発売日,https://www.nike.com/jp/launch/t/lebron-17-graffiti-fire-red,False
【NIKE公式】KICKCHECK 7.27 - Basketball,https://www.nike.com/jp/launch/t/kickcheck-7-27,False
【NIKE公式】ISPA オーバーリアクト サンダル 'Wheat' (CQ2230-700 / ISPA OVERREACT SANDAL),https://www.nike.com/jp/launch/t/ispa-overreact-sandal-wheat,False
【NIKE公式】ISPA オーバーリアクト サンダル 'Thunder Grey' (CQ2230-001 / ISPA OVERREACT SANDAL),https://www.nike.com/jp/launch/t/ispa-overreact-sandal-thunder-grey,False
【NIKE公式】KICKCHECK 7.24 - IN MY J'S,https://www.nike.com/jp/launch/t/kickcheck-7-24-in-my-js,False
【NIKE公式】ナイキ x ステューシー 'Apparel Collection' ,https://www.nike.com/jp/launch/t/st%C3%BCssy-apparel-collection-fa20,False
【NIKE公式】エア ズーム クキニ x ステューシー 'White' (CJ9918-100 / AIR ZOOM KUKINI X STÜSSY),https://www.nike.com/jp/launch/t/air-zoom-kukini-st%C3%BCssy-white,False
【NIKE公式】ベナッシ x ステューシー 'Off Noir' (CW2787-001 / NIKE BENASSI / STUSSY),https://www.nike.com/jp/launch/t/benassi-stussy-off-noir,False
【NIKE公式】ベナッシ x ステューシー 'Bright Cactus' (CW2787-300 / NIKE BENASSI / STUSSY),https://www.nike.com/jp/launch/t/benassi-st%C3%BCssy-bright-cactus,False
【NIKE公式】ベナッシ x ステューシー 'Habanero Red' (CW2787-600 / NIKE BENASSI / STUSSY),https://www.nike.com/jp/launch/t/benassi-st%C3%BCssy-habanero-red,False
【NIKE公式】SNKRS STYLE: VAPORMAX 2020,https://www.nike.com/jp/launch/t/jp-snkrs-style-vapormax-2020,False
【NIKE公式】エア ヴェイパーマックス 2020 フライニット 'Smoke Grey' (CZ9313-001 / AIR VAPORMAX 2020 FLYKNIT),https://www.nike.com/jp/launch/t/air-vapormax-2020-flyknit-smoke-grey,False
【NIKE公式】レディース エア ヴェイパーマックス 2020 フライニット 'Pure Platinum' (CJ6741-001 / W AIR VAPORMAX 2020),https://www.nike.com/jp/launch/t/womens-air-vapormax-2020-flyknit-pure-platinum,False
【NIKE公式】Inside The Vault,https://www.nike.com/jp/launch/t/inside-the-vault-considered-design,False
【NIKE公式】ジョーダン AJNT23 '' (CI5441-008 / JORDAN AJNT23),https://www.nike.com/jp/launch/t/ajnt-23-black,False
【NIKE公式】ACG ズーム エア AO 'Laser Crimson' (CT2898-001 / ACG ZOOM AIR AO),https://www.nike.com/jp/launch/t/acg-zoom-air-ao-laser-crimson,False
【NIKE公式】ACG ズーム エア AO 'Smoke Grey' (CT2898-002 / ACG ZOOM AIR AO),https://www.nike.com/jp/launch/t/acg-zoom-air-ao-smoke-grey,False
【NIKE公式】KICKCHECK 7.21,https://www.nike.com/jp/launch/t/kickcheck-7-21,False
エア ジョーダン 1 'Tokyo’ 発売日,https://www.nike.com/jp/launch/t/air-jordan-1-retro-hi-co-jp-tokyo,False
【NIKE公式】2001 Jordan 2020,https://www.nike.com/jp/launch/t/2001-jordan-2020,False
【NIKE公式】KICKCHECK 7.16 - AJ1,https://www.nike.com/jp/launch/t/kickcheck-716-aj1-jp,False
レディース エア ジョーダン 4 x Off-White™️ 'Sail' 発売日,https://www.nike.com/jp/launch/t/air-jordan-4-off-white-sail,False
【NIKE公式】Classic Catalogs,https://www.nike.com/jp/launch/t/classic-catalogs-1998-air-technology-basketball-footwear,False
【NIKE公式】KICKCHECK 7.17,https://www.nike.com/jp/launch/t/kickcheck-7-17,False
【NIKE公式】SB ダンク LOW プロ x グレイトフル・デッド 'Opti Yellow' (CJ5378-700 / DUNK LOW),https://www.nike.com/jp/launch/t/sb-dunk-low-pro-grateful-dead-opti-yellow,False
【NIKE公式】KICKCHECK 7.13 - SB,https://www.nike.com/jp/launch/t/kickcheck-7-13-sb,False
【NIKE公式】エア ズーム フリーク 2 “Naija” (DA0907-002 / AIR ZOOM FREAK 2),https://www.nike.com/jp/launch/t/air-zoom-freak-2-naija-black-pine-green,False
【NIKE公式】ジョーダン クレーター 'University Red' (CT0712-001 / JORDAN CRATER),https://www.nike.com/jp/launch/t/jordan-crater-university-red,False
【NIKE公式】Classic Catalogs,https://www.nike.com/jp/launch/t/classic-catalogs-2004-jordan-footwear,False
【NIKE公式】エア ヴェイパーマックス 2020 フライニット 'Pure Platinum' (CJ6740-001 / AIR VAPORMAX 2020),https://www.nike.com/jp/launch/t/air-vapormax-2020-flyknit-pure-platinum,False
【NIKE公式】KICKCHECK 7.10 - IN MY J'S,https://www.nike.com/jp/launch/t/kickcheck-7-10-in-my-js,False
【NIKE公式】スペースヒッピー 01 - ボルト 'This is Trash' (CQ3986-002 / SPACE HIPPIE 01 - VOLT),https://www.nike.com/jp/launch/t/space-hippie-01-volt,False
【NIKE公式】スペースヒッピー 02 - ボルト 'This is Trash' (CQ3988-002 / SPACE HIPPIE 02 - VOLT),https://www.nike.com/jp/launch/t/space-hippie-02-volt,False
【NIKE公式】スペースヒッピー 03 - ボルト 'This is Trash' (CQ3989-002 / SPACE HIPPIE 03 - VOLT),https://www.nike.com/jp/launch/t/space-hippie-03-volt,False
【NIKE公式】SPACE HIPPIE WITH SNEAKERSNSTUFF,https://www.nike.com/jp/launch/t/space-hippie-with-sns-jp,False
【NIKE公式】Space Hippieのデザイン誕生まで,https://www.nike.com/jp/launch/t/behind-the-design-space-hippie-episode-3,False
【NIKE公式】Space Hippieのデザイン誕生まで,https://www.nike.com/jp/launch/t/behind-design-space-hippie-prototypes-ep2,False
【NIKE公式】Space Hippieのデザイン誕生まで,https://www.nike.com/jp/launch/t/behind-design-making-space-hippie-e1,False
【NIKE公式】SNKRS X NEUT MAGAZIN: SPACE HIPPIE,https://www.nike.com/jp/launch/t/space-hippie-neut-magazine,False
【NIKE公式】デイブレイク 'Limelight' (DA0824-001 / DAYBREAK),https://www.nike.com/jp/launch/t/daybreak-limelight,False
【NIKE公式】デイブレイク 'Neptune' (DA0824-300 / DAYBREAK),https://www.nike.com/jp/launch/t/daybreak-neptune,False
【NIKE公式】KICKCHECK 7.6,https://www.nike.com/jp/launch/t/kickcheck-7-6,False
【NIKE公式】Classic Catalogs,https://www.nike.com/jp/launch/t/classic-catalogs-1992-basketball-footwear,False
【NIKE公式】ISPA ロード ウォリアー 'Volt' (CI0983-100 / ZOOM ROAD WARRIOR ISPA),https://www.nike.com/jp/launch/t/ispa-zoom-road-warrior-volt,False
【NIKE公式】ISPA 'Apparel Collection' ,https://www.nike.com/jp/launch/t/ispa-apparel-collection-fa20,False
【NIKE公式】ISPA オーバーリアクト フライニット 'Crimson Volt' (CD9664-001 / ISPA OVERREACT FLYKNIT),https://www.nike.com/jp/launch/t/ispa-overreact-flyknit-crimson-volt,False
【NIKE公式】ISPA オーバーリアクト フライニット 'Light Bone' (CD9664-100 / ISPA OVERREACT FLYKNIT),https://www.nike.com/jp/launch/t/ispa-overreact-flyknit-light-bone,False
【NIKE公式】Talking Shop - GR8,https://www.nike.com/jp/launch/t/talking-shop-gr8-jp,False
【NIKE公式】KICKCHECK 7.3,https://www.nike.com/jp/launch/t/kickcheck-7-3,False
【NIKE公式】ACG Zoom Air AO 'Fusion Violet' (CT2898-400 / ACG ZOOM AIR AO),https://www.nike.com/jp/launch/t/acg-zoom-air-ao-fusion-violet,False
【NIKE公式】ACG Zoom Air AO 'Blue Void' (CT2898-401 / ACG ZOOM AIR AO),https://www.nike.com/jp/launch/t/acg-zoom-air-ao-blue-void,False
【NIKE公式】エア ジョーダン 5 'Purple Grape' (136027-500 / AJ 5),https://www.nike.com/jp/launch/t/air-jordan-5-purple-grape,False
【NIKE公式】KICKCHECK 6.30,https://www.nike.com/jp/launch/t/kickcheck-6-30,False
【NIKE公式】Classic Catalogs,https://www.nike.com/jp/launch/t/classic-catalogs-1997-air-max-technology,False
【NIKE公式】エア ズーム タイプ 'College Grey' (CJ2033-002 / AIR ZOOM-TYPE),https://www.nike.com/jp/launch/t/air-zoom-type-college-grey,False
【NIKE公式】レディース ズーム ダブル スタックド 'Volt Black' (CI0804-001 / WOMEN'S ZOOM DOUBLE STACKED),https://www.nike.com/jp/launch/t/womens-zoom-double-stacked-volt-black,False
【NIKE公式】レディース ズーム ダブル スタックド 'Barely Volt' (CI0804-700 / WOMEN'S ZOOM DOUBLE STACKED),https://www.nike.com/jp/launch/t/womens-zoom-double-stacked-barely-volt,False
【NIKE公式】KICKCHECK 6.26 - IN MY J'S,https://www.nike.com/jp/launch/t/kickcheck-6-26-in-my-js,False
【NIKE公式】エア ジョーダン 3 'Blue Cement' (CT8532-400 / AJ 3),https://www.nike.com/jp/launch/t/air-jordan-3-blue-cement,False
【NIKE公式】Classic Catalogs,https://www.nike.com/jp/launch/t/classic-catalogs-1994-basketball-footwear,False
【NIKE公式】ナイキ エア フィア オブ ゴッド 1 'String' (AR4237-902 / AIR FEAR OF GOD 1),https://www.nike.com/jp/launch/t/air-fear-of-god-1-string,False
【NIKE公式】エア フィア オブ ゴッド 1 STRING (AR4237-902 / AIR FEAR OF GOD 1),https://www.nike.com/jp/launch/t/air-fear-of-god-1-string-pass-jp,True
【NIKE公式】レブロン 7 'MVP' (CZ8915-100 / LEBRON 7),https://www.nike.com/jp/launch/t/lebron-7-mvp,False
【NIKE公式】エア マックス トライアックス 'Nippon' (CW4809-167 / AM TRIAX),https://www.nike.com/jp/launch/t/air-max-triax-nippon,False
【NIKE公式】エア マックス テイルウィンド 4 'Nippon' (CW4810-167 / AM TAILWIND IV),https://www.nike.com/jp/launch/t/air-max-tailwind-4-nippon,False
【NIKE公式】ダンク LOW 'Champ Colors' (CU1727-800 / DUNK LOW),https://www.nike.com/jp/launch/t/dunk-low-champ-colors,False
【NIKE公式】SNKRS STYLE: BY UNDFTD,https://www.nike.com/jp/launch/t/jp-snkrs-style-by-undftd,False
【NIKE公式】SNKRS Special: Summer Dunks,https://www.nike.com/jp/launch/t/snkrs-special-summer-dunks-5-2,False
【NIKE公式】SNKRS PASS ダンク LOW 'CHAMP COLORS' (CU1727-800 DUNK LOW),https://www.nike.com/jp/launch/t/dunk-low-champ-colors-pass-jp,True
【NIKE公式】KICKCHECK 6.21 - FATHER'S DAY,https://www.nike.com/jp/launch/t/kickcheck-6-21-fathers-day,False
【NIKE公式】ナイキ エア モア アップテンポ 96 'In Your Face' (414962-105 / AIR MORE UPTEMPO),https://www.nike.com/jp/launch/t/air-more-uptempo-in-your-face,False
【NIKE公式】ナイキ エア モア アップテンポ 'In Your Face'  (414962-105 / Uptempo),https://www.nike.com/jp/launch/t/air-more-uptempo-in-your-face-pass-jp,True
【NIKE公式】KICKCHECK 6.17,https://www.nike.com/jp/launch/t/kickcheck-6-17,False
【NIKE公式】Classic Catalogs,https://www.nike.com/jp/launch/t/classic-catalogs-1996-running-footwear,False
【NIKE公式】ジョーダン デルタ 'Sail' (CW0782-141 / JORDAN DELTA),https://www.nike.com/jp/launch/t/jordan-delta-sp-sail,False
【NIKE公式】エア ジョーダン 11 LOW 'Gym Red' (AV2187-160 / AJ 11 LOW),https://www.nike.com/jp/launch/t/air-jordan-11-low-gym-red,False
【NIKE公式】ジュニア エア ジョーダン 11 LOW 'Gym Red' (528896-160 / JUNIOR AJ 11 LOW),https://www.nike.com/jp/launch/t/air-jordan-11-low-gym-red-junior-jp,False
【NIKE公式】SNKRS STYLE: AJ11 LOW GYM RED,https://www.nike.com/jp/launch/t/jp-snkrs-style-aj11-low-gym-red,False
"【NIKE公式】SNKRS PASS エア ジョーダン 11 LOW ""GYM RED"" (AV2187-160 / AJ11)",https://www.nike.com/jp/launch/t/air-jordan-11-low-gym-red-pass-jp,True
【NIKE公式】Inside The Vault,https://www.nike.com/jp/launch/t/inside-the-vault-automax-adaptive-fit,False
【NIKE公式】アダプト オート マックス 'Anthracite' (CI5018-001 / ADAPT AUTO MAX),https://www.nike.com/jp/launch/t/adapt-auto-max-anthracite,False
【NIKE公式】Inside The Vault,https://www.nike.com/jp/launch/t/inside-the-vault-air-jordan-11-low,False
【NIKE公式】レディース エア ジョーダン 11 LOW 'Concord Sketch' (AH7860-100 / WOMEN’S AJ 11 LOW),https://www.nike.com/jp/launch/t/womens-air-jordan-11-low-concord-sketch,False
【NIKE公式】ウィメンズ エアジョーダン・11 ロー (WMNS AIR JORDAN 11 LOW AH7860-100 THREAD),https://www.nike.com/jp/launch/t/jp-snkrs-style-wmns-air-jordan-11-low-purple,False
"【NIKE公式】SNKRS PASS ウィメンズ エア ジョーダン 11 ""LOW CONCORD SKETCH"" (AH7860-100 / W AJ11)",https://www.nike.com/jp/launch/t/womens-air-jordan-11-low-concord-sketch-pass-jp,True
【NIKE公式】エア マックス 90 'Orange Duck Camo' (CW4039-800 / AM 90),https://www.nike.com/jp/launch/t/air-max-90-orange-duck-camo,False
【NIKE公式】SNKRS PASS エア マックス 90 ORANGE DUCK CAMO (CW4039-800 / AM90),https://www.nike.com/jp/launch/t/air-max-90-orange-duck-camo-pass-jp,True
【NIKE公式】レディース エア マックス 270 XX 'Bright Crimson' (CU9430-001 / WOMEN’S AM 270),https://www.nike.com/jp/launch/t/womens-air-max-270-xx-bright-crimson,False
【NIKE公式】エア ジョーダン 5 'SE' (CZ1786-001 / AJ 5),https://www.nike.com/jp/launch/t/air-jordan-5-se,False
【NIKE公式】Classic Catalogs,https://www.nike.com/jp/launch/t/classic-catalogs-1980-footwear-6-9,False
【NIKE公式】KICKCHECK 6.9,https://www.nike.com/jp/launch/t/kickcheck-6-9,False
【NIKE公式】ダンク LOW 'University Red' (CU1727-100 / DUNK LOW),https://www.nike.com/jp/launch/t/dunk-low-university-red,False
【NIKE公式】ダンク LOW 'Brazil' (CU1727-700 / DUNK LOW),https://www.nike.com/jp/launch/t/dunk-low-brazil,False
【NIKE公式】SNKRS PASS ダンク LOW ''UNIVERSITY RED' (CU1727-100 DUNK LOW),https://www.nike.com/jp/launch/t/dunk-low-university-red-pass-jp,True
【NIKE公式】ナイキ スペース ヒッピー 01 'This is Trash' (CQ3986-001 / SPACE HIPPIE 01),https://www.nike.com/jp/launch/t/space-hippie-01,False
【NIKE公式】ナイキ スペースヒッピー 02 'This is Trash' (CQ3988-001 / SPACE HIPPIE 02),https://www.nike.com/jp/launch/t/space-hippie-02,False
【NIKE公式】スペースヒッピー 03 'This is Trash' (CQ3989-001 / SPACE HIPPIE 03),https://www.nike.com/jp/launch/t/space-hippie-03-this-is-trash,False
【NIKE公式】スペースヒッピー 04 'This is Trash' (CD3476-100 / SPACE HIPPIE 04),https://www.nike.com/jp/launch/t/space-hippie-04-this-is-trash-crimson,False
【NIKE公式】スペースヒッピー 04 'This is Trash' (CD3476-001 / SPACE HIPPIE 04),https://www.nike.com/jp/launch/t/space-hippie-04-this-is-trash-volt,False
ナイキ スペースヒッピー 'Tee' 発売日,https://www.nike.com/jp/launch/t/space-hippie-tee,False
【NIKE公式】SNKRS PASS スペースヒッピー 01 (CQ3986-001),https://www.nike.com/jp/launch/t/space-hippie-01-pass-jp,True
【NIKE公式】SNKRS PASS スペースヒッピー 04 (CD3476-100),https://www.nike.com/jp/launch/t/space-hippie-04-this-is-trash-crimson-pass-jp,True
【NIKE公式】SNKRS PASS スペースヒッピー 03 (CQ3989-001),https://www.nike.com/jp/launch/t/space-hippie-03-this-is-trash-pass-jp,True
【NIKE公式】SNKRS PASS スペースヒッピー 04 (CD3476-001),https://www.nike.com/jp/launch/t/space-hippie-04-this-is-trash-volt-pass-jp,True
【NIKE公式】SNKRS PASS スペースヒッピー 02 (CQ3988-001),https://www.nike.com/jp/launch/t/space-hippie-02-pass-jp,True
【NIKE公式】レディース エア ジョーダン 1 'Tie-Dye' (CD0461-100 / WOMEN’S AJ 1),https://www.nike.com/jp/launch/t/womens-air-jordan-1-tie-dye,False
【NIKE公式】ウィメンズ エア ジョーダン 1 'TIE DYE' (WMNS AJ1 TIE-DYE CD0461-100 THREAD),https://www.nike.com/jp/launch/t/jp-snkrs-style-wmns-air-jordan-1-tie-dye,False
エア ジョーダン 6 'Neutral Grey' 発売日,https://www.nike.com/jp/launch/t/air-jordan-6-neutral-grey,False
【NIKE公式】ジュニア エア ジョーダン 6 'Neutral Grey' (384665-062 / JUNIOR AJ 6),https://www.nike.com/jp/launch/t/air-jordan-6-neutral-grey-junior-jp,False
【NIKE公式】KICKCHECK 5.29 - IN MY J'S,https://www.nike.com/jp/launch/t/kickcheck-5-29-in-my-js,False
【NIKE公式】The Last Dance,https://www.nike.com/jp/launch/t/the-last-dance-mjs-most-memorable-shoes-5-29,False
【NIKE公式】エア ズーム タイプ 'Black Menta' (CJ2033-010 / AIR ZOOM-TYPE),https://www.nike.com/jp/launch/t/air-zoom-type-black-menta,False
【NIKE公式】エア ズーム タイプ 'Summit White' (CJ2033-100 / AIR ZOOM-TYPE),https://www.nike.com/jp/launch/t/air-zoom-type-summit-white,False
【NIKE公式】Talking Shop - Zoom Type by UNION TOKYO,https://www.nike.com/jp/launch/t/talking-shop-zoom-type-by-union-tokyo-jp,False
【NIKE公式】Zoom Typeのデザイン誕生まで,https://www.nike.com/jp/launch/t/behind-design-zoom-type,False
【NIKE公式】エア ズーム スピリドン ケージ 2 'Varsity Royal' (CJ1288-002 / AIR ZOOM SPIRIDON CAGE 2),https://www.nike.com/jp/launch/t/air-zoom-spiridon-cage-2-varsity-royal,False
【NIKE公式】エア ズーム スピリドン ケージ 2 'Team Red' (CJ1288-601 / AIR ZOOM SPIRIDON CAGE 2),https://www.nike.com/jp/launch/t/air-zoom-spiridon-cage-2-team-red-lemon-venom,False
【NIKE公式】KICKCHECK 5.27 - APAHM,https://www.nike.com/jp/launch/t/kickcheck-5-27-apahm,False
【NIKE公式】SNKRS Style: Jordan Delta,https://www.nike.com/jp/launch/t/jp-snkrs-style-jordan-delta,False
【NIKE公式】SNKRS Style: Womens Jordan Delta,https://www.nike.com/jp/launch/t/jp-snkrs-style-womens-jordan-delta,False
【NIKE公式】エア マックス 95 'Era' (CZ9723-100 / AM 95),https://www.nike.com/jp/launch/t/air-max-95-era,False
【NIKE公式】Classic Catalogs,https://www.nike.com/jp/launch/t/classic-catalogs-1986-jordan-shoes-and-accessories-5-26,False
【NIKE公式】ナイキ デイブレイク 'Teal Tint' (CZ0614-300 / DAYBREAK),https://www.nike.com/jp/launch/t/daybreak-teal-tint,False
【NIKE公式】 YOU CAN’T STOP US,https://www.nike.com/jp/launch/t/you-cant-stop-us,False
【NIKE公式】ベビー ダンク LOW 'Brazil' (CW7375-700 / DUNK LOW),https://www.nike.com/jp/launch/t/dunk-low-brazil-baby-jp,False
【NIKE公式】エア ジョーダン 13 レトロ 'Flint Grey' (414571-404 / AJ 13 RETRO),https://www.nike.com/jp/launch/t/air-jordan-13-retro-flint-grey,False
【NIKE公式】KICKCHECK 5.22 - APAHM,https://www.nike.com/jp/launch/t/kickcheck-5-22-asian-pacific-american-heritage-month,False
ナイキ x トラヴィス スコット エア マックス 270 'Cactus Trails' 発売日,https://www.nike.com/jp/launch/t/air-max-270-travis-scott-cactus-trails,False
【NIKE公式】ジュニア ナイキ x トラヴィス スコット エア マックス 270 'Cactus Trails' (CV2414-200 / AM 270),https://www.nike.com/jp/launch/t/air-max-270-travis-scott-cactus-trails-junior-jp,False
【NIKE公式】トラヴィス スコット 'Apparel Collection' ,https://www.nike.com/jp/launch/t/travis-scott-apparel-collection,False
レディース エア フォース 1 'Reveal' 発売日,https://www.nike.com/jp/launch/t/womens-air-force-1-reveal,False
【NIKE公式】レディース エア マックス 98 'Reveal' (CJ0634-101 / WOMEN’S AM 98),https://www.nike.com/jp/launch/t/womens-air-max-98-lx-reveal,False
【NIKE公式】SNKRS Style: AF1/AM98 Reveal By Atmos Pink,https://www.nike.com/jp/launch/t/jp-snkrs-style-af1am98-reveal-by-atmos-pink,False
【NIKE公式】キルショット OG 'Gorge Green' (CU9180-100 / KILLSHOT OG),https://www.nike.com/jp/launch/t/killshot-og-gorge-green,False
【NIKE公式】キルショット OG 'Gym Red'  (CU9180-101 / KILLSHOT OG),https://www.nike.com/jp/launch/t/killshot-og-gym-red,False
【NIKE公式】キルショット OG 'Midnight Navy' (CU9180-102 / KILLSHOT OG),https://www.nike.com/jp/launch/t/killshot-og-midnight-navy,False
【NIKE公式】UNITE,https://www.nike.com/jp/launch/t/unite-introducing-unite-community-5-17,False
【NIKE公式】SB ダンク LOW x ベン＆ジェリーズ 'Chunky Dunky' (CU3244-100 / SB DUNK LOW X BEN & JERRY’S),https://www.nike.com/jp/launch/t/sb-dunk-low-x-ben-jerry%E2%80%99s,False
【NIKE公式】Chunky Dunkyのデザイン誕生まで,https://www.nike.com/jp/launch/t/behind-the-design-chunky-dunky-5-23,False
【NIKE公式】Classic Catalogs,https://www.nike.com/jp/launch/t/classic-catalogs-1999-acg-5-18,False
【NIKE公式】エア ジョーダン 3 'Animal Instinct 2.0' (CV3583-003 / AJ 3),https://www.nike.com/jp/launch/t/air-jordan-3-animal-instinct-2-0,False
エア マックス 90 'Green Camo' 発売日,https://www.nike.com/jp/launch/t/air-max-90-green-camo,False
【NIKE公式】KICKCHECK 5.18 - AIR MAX MONDAYS,https://www.nike.com/jp/launch/t/kickcheck-5-18-air-max-mondays,False
エア フォース 1 'White Tiger' 発売日,https://www.nike.com/jp/launch/t/air-force-1-white-tiger,False
【NIKE公式】KICKCHECK 5.15 - IN MY J'S,https://www.nike.com/jp/launch/t/kickcheck-5-15-in-my-js,False
【NIKE公式】KICKCHECK 5.12,https://www.nike.com/jp/launch/t/kickcheck-5-12,False
【NIKE公式】Classic Catalogs,https://www.nike.com/jp/launch/t/classic-catalogs-1999-nike-com-launch,False
【NIKE公式】エア ジョーダン 1 'Royal Toe' (555088-041 / AJ 1),https://www.nike.com/jp/launch/t/air-jordan-1-white-royal,False
【NIKE公式】ジュニア エア ジョーダン 1 'Royal Toe' (575441-041 / JUNIOR AJ 1),https://www.nike.com/jp/launch/t/air-jordan-1-royal-toe-junior-jp,False
【NIKE公式】レブロン 7 'Media Day' (CW2300-500 / LEBRON 7),https://www.nike.com/jp/launch/t/lebron-7-media-day,False
エア マックス 95 CTRY 'Korea' 発売日,https://www.nike.com/jp/launch/t/air-max-95-ctry-korea,False
【NIKE公式】エア プレスト 'Red Orbit' (CJ1229-100 / AIR PRESTO),https://www.nike.com/jp/launch/t/air-presto-red-orbit,False
【NIKE公式】KICKCHECK 5.10 - MOTHER'S DAY,https://www.nike.com/jp/launch/t/kickcheck-5-10-mothers-day,False
【NIKE公式】KICKCHECK 5.8 - IN MY J'S,https://www.nike.com/jp/launch/t/kickcheck-5-7-in-my-js,False
【NIKE公式】ACG モック 3.0 'Tie Dye' (CW2463-300 / ACG MOC 3.0),https://www.nike.com/jp/launch/t/acg-moc-3-0-tie-dye,False
【NIKE公式】ACG モック 3.0 'Midnight Navy' (CT3302-400 / ACG MOC 3.0),https://www.nike.com/jp/launch/t/acg-moc-3-0-midnight-navy,False
【NIKE公式】Classic Catalogs,https://www.nike.com/jp/launch/t/classic-catalogs-1997-running-5-6,False
【NIKE公式】Kickcheck 5.6,https://www.nike.com/jp/launch/t/kickcheck-5-6,False
【NIKE公式】アダプト オート マックス 'Pure Platinum' (CI5018-002 / ADAPT AUTO MAX),https://www.nike.com/jp/launch/t/adapt-auto-max-pure-platinum,False
【NIKE公式】Adapt Auto Maxのデザイン誕生まで,https://www.nike.com/jp/launch/t/behind-design-adapt-auto-max,False
【NIKE公式】ナイキ デイブレイク 'Topaz' (CZ0614-700 / DAYBREAK),https://www.nike.com/jp/launch/t/daybreak-topaz,False
【NIKE公式】レディース エア ズーム スピリドン ケージ 2 'University Blue' (CD3613-100 / WOMEN’S AIR ZOOM SPIRIDON CAGE 2),https://www.nike.com/jp/launch/t/womens-air-zoom-spiridon-cage-2-university-blue,False
【NIKE公式】エア ズーム スピリドン ケージ 2 'White and Black' (CJ1288-100 / AIR ZOOM SPIRIDON CAGE 2),https://www.nike.com/jp/launch/t/air-zoom-spiridon-cage-2-white-black,False
【NIKE公式】KICKCHECK 5.4,https://www.nike.com/jp/launch/t/kickcheck-54,False
【NIKE公式】エア マックス 95 'Split-Style' (CJ0589-001 / AM 95 QS),https://www.nike.com/jp/launch/t/cj0589-001-air-max-95-qs-jp,False
【NIKE公式】Classic Catalogs,https://www.nike.com/jp/launch/t/classic-catalogs-2000-womens-footwear,False
【NIKE公式】エア ジョーダン 4 'Orange Metallic' (CT8527-118 / AJ 4),https://www.nike.com/jp/launch/t/air-jordan-4-orange-metallic,False
【NIKE公式】KICKCHECK 5.1 - IN MY J'S,https://www.nike.com/jp/launch/t/jp-kickcheck-51-in-my-js,False
【NIKE公式】エア ジョーダン 1 'Black/Pine Green' (555088-030 AJ1),https://www.nike.com/jp/launch/t/air-jordan-1-black-pine-green,False
【NIKE公式】SB エア ジョーダン 1 LOW 'Desert Ore/Royal Blue' (CJ7891-200 / SB AJ1),https://www.nike.com/jp/launch/t/sb-air-jordan-1-low-desert-ore-royal-blue,False
【NIKE公式】KICKCHECK 4.29,https://www.nike.com/jp/launch/t/kickcheck-4-29,False
【NIKE公式】KICKCHECK 4.27,https://www.nike.com/jp/launch/t/kickcheck-4-27,False
【NIKE公式】KICKCHECK 4.24 - IN MY J'S,https://www.nike.com/jp/launch/t/kickcheck-4-24-in-my-js,False
【NIKE公式】レディース ジョーダン デルタ 'Vachetta Tan' (CT1003-200 / WOMEN’S JORDAN DELTA),https://www.nike.com/jp/launch/t/womens-jordan-delta-vachetta-tan,False
ジョーダン デルタ 'Vachetta Tan' 発売日,https://www.nike.com/jp/launch/t/jordan-delta-vachetta-tan,False
【NIKE公式】Classic Catalogs,https://www.nike.com/jp/launch/t/classic-catalogs-1997-nike-basketball-footwear-apparel,False
【NIKE公式】KICKCHECK 4.22,https://www.nike.com/jp/launch/t/kickcheck-4-22,False
【NIKE公式】レディース エア ジョーダン 1 LOW 'University Blue' (AO9944-441 / WOMEN'S AJ 1 LOW),https://www.nike.com/jp/launch/t/womens-air-jordan-1-low-university-blue,False
【NIKE公式】エア フィア オブ ゴッド 1 'Triple Black' (AR4237-005 / AIR FEAR OF GOD 1),https://www.nike.com/jp/launch/t/air-fear-of-god-1-triple-black,False
【NIKE公式】KICKCHECK 4.20,https://www.nike.com/jp/launch/t/kickcheck-4-20,False
【NIKE公式】エア フォース 1 LV8 ユーティリティ 'White Sketch' (CW7581-001 / AF 1 LV8 UTILITY),https://www.nike.com/jp/launch/t/air-force-1-lv8-utility-white-sketch,False
【NIKE公式】エア フォース 1 LV8 ユーティリティ 'Black Sketch' (CW7581-101 / AF 1 LV8 UTILITY),https://www.nike.com/jp/launch/t/air-force-1-lv8-utility-black-sketch,False
エア フォース 1 'Black Zipper' 発売日,https://www.nike.com/jp/launch/t/air-force-1-black-zipper,False
【NIKE公式】Classic Catalogs,https://www.nike.com/jp/launch/t/classic-catalog-4-15,False
【NIKE公式】KICKCHECK 4.15,https://www.nike.com/jp/launch/t/kickcheck-4-15,False
【NIKE公式】エア ジョーダン 6 'DMP' (CT4954-007 / AJ 6),https://www.nike.com/jp/launch/t/air-jordan-6-dmp,False
【NIKE公式】SNKRS Style: Women Jordan,https://www.nike.com/jp/launch/t/jp-snkrs-style-women-jordan,False
【NIKE公式】KICKCHECK 4.13,https://www.nike.com/jp/launch/t/kickcheck-4-13,False
【NIKE公式】エア ジョーダン 1 'Court Purple’ (555088-500 / AJ 1 RETRO HIGH OG),https://www.nike.com/jp/launch/t/air-jordan-1-court-purple,False
【NIKE公式】KICKCHECK 4.9,https://www.nike.com/jp/launch/t/kickcheck-4-9,False
【NIKE公式】レディース エア ジョーダン 4 'Lucid Green' (AQ9129-100 / WOMEN'S AJ 4),https://www.nike.com/jp/launch/t/womens-air-jordan-4-lucid-green,False
【NIKE公式】レディース エア マックス 2090 'Lotus Pink' (CW4286-100 / WOMEN’S AM 2090),https://www.nike.com/jp/launch/t/womens-air-max-2090-lotus-pink,False
【NIKE公式】KICKCHECK 4.6,https://www.nike.com/jp/launch/t/kickcheck-4-6,False
【NIKE公式】エア マックス 97 'Metallic Gold' (CT4556-700 / AM 97),https://www.nike.com/jp/launch/t/air-max-97-metallic-gold,False
【NIKE公式】エア マックス トライアックス 'Barely Volt' (CT1104-700 / AM TRIAX),https://www.nike.com/jp/launch/t/air-max-triax-barely-volt,False
【NIKE公式】エア マックス 95 ユーティリティ 'Mount Fuji' ( CT3689-600 / AM 95 UTILITY),https://www.nike.com/jp/launch/t/air-max-95-utility-mout-fuji,False
【NIKE公式】ブレーザー MID ‘77 'Red Sketch' (CW7580-100 / BLAZER MID ‘77),https://www.nike.com/jp/launch/t/blazer-mid-77-red-sketch,False
【NIKE公式】ブレーザー MID ‘77 'Black Sketch' (CW7580-101 / BLAZER MID ‘77),https://www.nike.com/jp/launch/t/blazer-mid-77-black-sketch,False
レディース エア ズーム スピリドン ケージ 2 'Metallic Silver' 発売日,https://www.nike.com/jp/launch/t/womens-air-zoom-spiridon-cage-2-metallic-silver,False
【NIKE公式】レディース エア ズーム スピリドン ケージ 2 'Cardinal Red' (CD3613-600 / WOMEN’S AIR ZOOM SPIRIDON CAGE 2),https://www.nike.com/jp/launch/t/womens-air-zoom-spiridon-cage-2-cardinal-red,False
【NIKE公式】エア ズーム スピリドン ケージ 2 'Metallic Silver' (CJ1288-001 / AIR ZOOM SPIRIDON CAGE 2),https://www.nike.com/jp/launch/t/air-zoom-spiridon-cage-2-metallic-silver,False
【NIKE公式】エア ズーム スピリドン ケージ 2 'Track Red' (CJ1288-600 / AIR ZOOM SPIRIDON CAGE 2),https://www.nike.com/jp/launch/t/air-zoom-spiridon-cage-2-track-red,False
【NIKE公式】KICKCHECK 4.2,https://www.nike.com/jp/launch/t/kickcheck-4-2,False
【NIKE公式】レディース エア ジョーダン 1 MID 'Multicolor' (CW1140-100 / WOMEN’S AJ 1 MID),https://www.nike.com/jp/launch/t/womens-air-jordan-1-mid-multicolor,False
【NIKE公式】エア ジョーダン 7 'Neutral Grey' (CT8528-002 / AJ 7),https://www.nike.com/jp/launch/t/air-jordan-7-neutral-grey,False
ナイキ x ステューシー エア ズーム スピリドン ケージ 2 'Fossil' 発売日,https://www.nike.com/jp/launch/t/stussy-air-zoom-spiridon-cage-2-fossil,False
ナイキ x ステューシー エア ズーム スピリドン ケージ 2 'Pure Platinum' 発売日,https://www.nike.com/jp/launch/t/nike-stussy-air-zoom-spiridon-cage-2-pure-platinum,False
【NIKE公式】ナイキ x ステューシー 'Apparel Collection' ,https://www.nike.com/jp/launch/t/nike-stussy-apparel-collection,False
【NIKE公式】KICKCHECK 3.30,https://www.nike.com/jp/launch/t/kickcheck-3-30,False
【NIKE公式】エア ジョーダン 5 'Fire Red' (DA1911-102 / AJ 5),https://www.nike.com/jp/launch/t/air-jordan-5-fire-red,False
【NIKE公式】エア ジョーダン 5 'Fire Red' (440888-102 / JUNIOR AJ5),https://www.nike.com/jp/launch/t/air-jordan-5-fire-red-junior-jp,False
【NIKE公式】エア マックス 2020 シューズ,https://www.nike.com/jp/launch/t/air-max-2020-footwear,False
【NIKE公式】The Story of Air Max: 90 to 2090,https://www.nike.com/jp/launch/t/the-story-of-air-max-90-to-2090,False
レディース エア マックス 90 'Metallic Chrome' 発売日,https://www.nike.com/jp/launch/t/womens-air-max-90-metallic-chrome-amd,False
【NIKE公式】レディース エア マックス 90 メタリック 'Rose Gold' (CQ6639-600 / WOMEN’S AM 90),https://www.nike.com/jp/launch/t/womens-air-max-90-metallic-rose-gold-amd,False
【NIKE公式】レディース エア マックス 90 'Metallic Gold' (CQ6639-700 / WOMEN’S AM 90),https://www.nike.com/jp/launch/t/womens-air-max-90-metallic-gold-amd,False
【NIKE公式】JP SNKRS STYLE: Metallic Pack,https://www.nike.com/jp/launch/t/jp-snkrs-style-metallic-pack,False
【NIKE公式】エア マックス 2090 'Pure Platinum' (CT7695-100 / AM 2090),https://www.nike.com/jp/launch/t/air-max-2090-pure-platinum-amd,False
【NIKE公式】エア マックス 2090 'Ice Blue' (CT7695-400 / AM 2090),https://www.nike.com/jp/launch/t/air-max-2090-ice-blue-amd,False
【NIKE公式】レディース エア マックス 2090 'Pure Platinum' (CT7698-100 / WOMEN'S AM 2090),https://www.nike.com/jp/launch/t/womens-air-max-2090-pure-platinum-amd,False
【NIKE公式】レディース エア マックス 2090 'Lava Glow' (CT7698-600 / WOMEN'S AM 2090),https://www.nike.com/jp/launch/t/womens-air-max-2090-lava-glow-amd,False
【NIKE公式】エア マックス 2090 'Duck Camo' (CU9174-600 / AM 2090),https://www.nike.com/jp/launch/t/air-max-2090-duck-camo-amd,False
【NIKE公式】エア マックス 90 'Duck Camo' (CW6024-600 / AM 90),https://www.nike.com/jp/launch/t/air-max-90-duck-camo-amd,False
【NIKE公式】SNKRS Special Vol. 2 'Duck Camo Air Max 90 + Air Max 2090',https://www.nike.com/jp/launch/t/snkrs-special-vol-2-duck-camo-air-max-90-air-max-2090,False
【NIKE公式】Duck Camoのデザイン誕生まで,https://www.nike.com/jp/launch/t/behind-design-duck-camo-air-max-90-air-max-2090,False
アダプト オート マックス 'Motherboard' 発売日,https://www.nike.com/jp/launch/t/adapt-auto-max-motherboard-amd,False
【NIKE公式】レディース エア マックス 97 'Aurora Green' (CZ3574-130 / WOMEN’S AM 97),https://www.nike.com/jp/launch/t/womens-air-max-97-aurora-green,False
【NIKE公式】エア ジョーダン 4 '‘95 Neon' (CT5342-007 / AJ 4),https://www.nike.com/jp/launch/t/air-jordan-4-retro-95-neon,False
【NIKE公式】レディース ズーム X ビスタ グラインド 'Night Aqua' (CT5770-001 / WOMEN’S ZOOM X VISTA GRIND),https://www.nike.com/jp/launch/t/womens-zoom-x-vista-grind-night-aqua,False
【NIKE公式】レディース ズーム X ビスタ グラインド 'Lime Dye' (CT5770-300 / WOMEN’S ZOOM X VISTA GRIND),https://www.nike.com/jp/launch/t/womens-zoom-x-vista-grind-lime-dye,False
【NIKE公式】レディース ブレーザー MID ‘77 'White/Black' (CZ1055-100 / WOMEN’S BLAZER MID ‘77),https://www.nike.com/jp/launch/t/womens-blazer-mid-white-black,False
【NIKE公式】JP SNKRS STYLE: BLAZER MID,https://www.nike.com/jp/launch/t/jp-snkrs-style-blazer-mid,False
【NIKE公式】Talking Shop - Sneakersnstuff,https://www.nike.com/jp/launch/t/talking-shop-sneakersnstuff-jp,False
【NIKE公式】エア マックス 90 x Undefeated 'Black' (CQ2289-002 / AM 90 X UNDEFEATED),https://www.nike.com/jp/launch/t/air-max-90-undefeated-black,False
【NIKE公式】エア マックス トライアックス 96 'Safari' (CT5543-300 / AM TRIAX 96),https://www.nike.com/jp/launch/t/air-max-triax-96-safari,False
【NIKE公式】レディース エア マックス ヴェローナ 'Fire Pink' (CI9842-001 / WOMEN’S AM VERONA),https://www.nike.com/jp/launch/t/womens-air-max-verona-fire-pink,False
【NIKE公式】ダンク LOW ''Orange Blaze' (CU1726-101 DUNK LOW),https://www.nike.com/jp/launch/t/dunk-low-orange-blaze,False
【NIKE公式】ダンク LOW 'Varsity Royal' (CU1726-100 / DUNK LOW),https://www.nike.com/jp/launch/t/dunk-low-varsity-royal,False
【NIKE公式】SNKRS PASS ダンク LOW ''Orange Blaze' (CU1726-101 DUNK LOW),https://www.nike.com/jp/launch/t/dunk-low-orange-blaze-pass-jp,True
【NIKE公式】SNKRS PASS ダンク LOW 'Varsity Royal' (CU1726-100 / DUNK LOW),https://www.nike.com/jp/launch/t/dunk-low-varsity-royal-pass-jp,True
【NIKE公式】The Drop-Off: Dunk Low with Simply B,https://www.nike.com/jp/launch/t/the-drop-off-dunk-low-simply-b,False
【NIKE公式】ダンク ロー 'ORANGE BLAZE' 'VARSITY ROYAL'  (DUNK LOW CU1726-101 CU1726-100 THREAD),https://www.nike.com/jp/launch/t/jp-snkrs-style-dunk-low-varsity-royal-orange-blaze-jp,False
【NIKE公式】エア マックス 95 'Cherry Blossom' (CU6723-076 / AM 95),https://www.nike.com/jp/launch/t/air-max-95-cherry-blossom,False
レディース エア マックス 95 'Overlace' 発売日,https://www.nike.com/jp/launch/t/womens-air-max-95-premium-overlace,False
【NIKE公式】エア マックス 1 'DNA CH.1 Pack' (AR3863-101 / NIKE AM 1 DNA CH. 1),https://www.nike.com/jp/launch/t/air-max-1-huarache-dna-ch1-pack,False
【NIKE公式】エア ハラチ ラン 'DNA CH.1 Pack' (AR3864-101 / AIR HUARACHE RUN),https://www.nike.com/jp/launch/t/air-huarache-run-dna-ch1-pack,False
【NIKE公式】ISPA エア マックス 720 'Metallic Silver' (CQ6278-001 / AM 720 ISPA),https://www.nike.com/jp/launch/t/air-max-720-ispa-metallic-silver,False
リアクト ビジョン 'Desert Oasis' 発売日,https://www.nike.com/jp/launch/t/react-vision-desert-oasis,False
ナイキ x sacai 'LDV Waffle' 発売日,https://www.nike.com/jp/launch/t/sacai-ldv-waffle-black,False
ナイキ x sacai 'LDV Waffle' 発売日,https://www.nike.com/jp/launch/t/sacai-ldv-waffle-white,False
【NIKE公式】SNKRS Style: PARIS FASHION WEEK,https://www.nike.com/jp/launch/t/jp-snkrs-style-paris-fashion-week,False
【NIKE公式】レディース アパレル 'Jordan x Paris Saint-Germain' ,https://www.nike.com/jp/launch/t/womens-jordan-paris-saint-germain-apparel-collection,False
【NIKE公式】エア マックス 90 'Chinese New Year' (CU3005-171 / AM 90),https://www.nike.com/jp/launch/t/air-max-90-chinese-new-year-2020,False
【NIKE公式】エア ジョーダン 3 'Valor Blue' (CT8532-104 / AJ 3),https://www.nike.com/jp/launch/t/air-jordan-3-valor-blue,False
【NIKE公式】レブロン 7 'Fairfax' (CU5646-001 / LEBRON 7),https://www.nike.com/jp/launch/t/lebron-7-fairfax,False
レディース エア マックス ベローナ 'Plum Chalk' 発売日,https://www.nike.com/jp/launch/t/womens-air-max-verona-plum-chalk,False
【NIKE公式】エア ジョーダン 1 'Black/Pine Green' (575441-030 / JUNIOR AJ1),https://www.nike.com/jp/launch/t/air-jordan-1-black-pine-green-junior,False
【NIKE公式】エア ジョーダン 1 'PINE GREEN' (AJ1 PINE GREEN 555088-030 THREAD),https://www.nike.com/jp/launch/t/jp-snkrs-style-air-jordan-1-black-pine-green-jp,False
【NIKE公式】レディース エア マックス 97 'Opalescent' (CU8872-196 / WOMEN'S AM 97),https://www.nike.com/jp/launch/t/womens-air-max-97-premium-opalescent,False
【NIKE公式】ナイキ エア マックス 720 スリップ OBJ 'Team Orange’ (DA4155-800 / AM 720 SLIP OBJ),https://www.nike.com/jp/launch/t/air-max-720-slip-obj-team-orange,False
レディース エア マックス ベローナ 'Guava Ice' 発売日,https://www.nike.com/jp/launch/t/womens-air-max-verona-guava-ice-amd,False
【NIKE公式】JP SNKRS STYLE: BY X-GIRL,https://www.nike.com/jp/launch/t/jp-snkrs-style-by-x-girl,False
【NIKE公式】SNKRS PASS エア ジョーダン 1 'PINE GREEN' (AJ1 / 555088-030),https://www.nike.com/jp/launch/t/air-jordan-1-black-pine-green-pass-jp,True
【NIKE公式】エア ジョーダン 4 'Black Cat' (CU1110-010 / AJ IV),https://www.nike.com/jp/launch/t/air-jordan-4-retro-black-cat,False
【NIKE公式】UNITE - NBA ALL-STAR 2020 SNKRS PASS,https://www.nike.com/jp/launch/t/unite-nba-all-star-2020-jp,False
ナイキ エア マックス 720 スリップ OBJ 'Black' 発売日,https://www.nike.com/jp/launch/t/air-max-720-slip-obj-black,False
【NIKE公式】エア ジョーダン 4  'Black Cat' (CU1110-010),https://www.nike.com/jp/launch/t/air-jordan-4-retro-black-cat-snkrs-pass-jp,True
【NIKE公式】エア マックス テイルウィンド 5 'Iron Grey' (CQ8713-001 / AM TAILWIND 5),https://www.nike.com/jp/launch/t/air-max-tailwind-5-iron-grey,False
【NIKE公式】ジョーダン アパレル 'The Virgil Abloh Chicago Collaborators' Collection' ,https://www.nike.com/jp/launch/t/jordan-virgil-abloh-chicago-collaborators-apparel-collection,False
【NIKE公式】ヴァージル・アブロー：Jordan Chicago Collaboratorコレクションのデザイン誕生まで,https://www.nike.com/jp/launch/t/behind-the-scenes-with-virgil-abloh-jordan-collaborators-collection,False
エア ジョーダン 5 'The Virgil Abloh Chicago Collaborators' Collection' 発売日,https://www.nike.com/jp/launch/t/air-jordan-5-virgil-abloh-chicago-collaborators-collection,False
【NIKE公式】SNKRS PASS エア ジョーダン 1 PINE GREEN (555088-140),https://www.nike.com/jp/launch/t/air-jordan-1-obsidian-snkrs-pass-jp,True
【NIKE公式】SNKRS PASS エア ジョーダン 1 エア ジョーダン 1 BLACK/WHITE/SAIL/GYM RED (555088-061),https://www.nike.com/jp/launch/t/air-jordan-1-black-white-sail-gym-red-snkrs-pass-jp,True
【NIKE公式】SNKRS PASS エア ジョーダン 3 UNITE (555088-061),https://www.nike.com/jp/launch/t/air-jordan-3-jordan-unite-collection-snkrs-pass-jp,True
【NIKE公式】UNITE - NBA ALL-STAR 2020,https://www.nike.com/jp/launch/t/rising-stars-live-viewing-jp,False
【NIKE公式】エア ジョーダン 3 'Jordan Unite Collection' (CK5692-600 / AJ 3 RETRO),https://www.nike.com/jp/launch/t/air-jordan-3-jordan-unite-collection,False
【NIKE公式】ナイキクラフト x トム・サックス 'Apparel Collection' (NIKECRAFT X TOM SACHS),https://www.nike.com/jp/launch/t/nikecraft-tom-sachs-apparel-collection,False
【NIKE公式】レディース エア ジョーダン 1 MID 'Chrome Wings' (BQ6472-602 / WOMEN’S AJ I MID),https://www.nike.com/jp/launch/t/womens-air-jordan-1-mid-chrome-wings,False
ジョーダン ウィメンズ 'Apparel Collection’ 発売日,https://www.nike.com/jp/launch/t/jordan-womens-flight-capsule-apparel-collection,False
レディース エア ジョーダン 1 'Powder Blue/Gym Red' 発売日,https://www.nike.com/jp/launch/t/womens-air-jordan-1-powder-blue-gym-red,False
,https://www.nike.com/jp/launch/t/jp-snkrs-style-jordan-by-her,False
【NIKE公式】エア マックス 90 'Rose/Particle Grey' (CD0881-101 / AM90),https://www.nike.com/jp/launch/t/air-max-90-rose-particle-grey,False
【NIKE公式】エア マックス 90 'Hyper Royal/Particle Grey' (CD0881-102 / AM 90),https://www.nike.com/jp/launch/t/air-max-90-hyper-royal-particle-grey,False
【NIKE公式】レディース エア マックス 270 リアクト ENG 'Eggplant/White' (CK2595-500 / WOMEN'S AM270 REACT ENG),https://www.nike.com/jp/launch/t/womens-air-max-270-react-eng-eggplant-white,False
【NIKE公式】レブロン 7 'All-Star' (CU5646-400 / LEBRON VII),https://www.nike.com/jp/launch/t/lebron-7-all-star-2020,False
【NIKE公式】エア ジョーダン 1 '85' (BQ4422-600 / AJ 1),https://www.nike.com/jp/launch/t/air-jordan-1-85,False
【NIKE公式】ジョーダン エアロスペース 720 'Grey Fog' (BV5502-002 / JORDAN AEROSPACE 720),https://www.nike.com/jp/launch/t/jordan-aerospace-720-grey-fog,False
SB ダンク LOW 'Strangelove' 発売日,https://www.nike.com/jp/launch/t/sb-dunk-low-strangelove,False
【NIKE公式】The Drop Off: Strangelove ,https://www.nike.com/jp/launch/t/the-drop-off-strangelove,False
【NIKE公式】エア マックス 90 'Volt/Particle Grey' (CD0881-103 / AM 90),https://www.nike.com/jp/launch/t/air-max-90-volt-particle-grey,False
【NIKE公式】エア マックス 90 'Hyper Turquoise/Particle Grey' (CD0881-100 / AM 90),https://www.nike.com/jp/launch/t/air-max-90-hyper-turquoise,False
エア マックス 97 'Corduroy' 発売日,https://www.nike.com/jp/launch/t/air-max-97-corduroy-desert-sand,False
【NIKE公式】エア マックス 90 'Hyper Grape/Particle Grey' (CD0881-104 / AM 90),https://www.nike.com/jp/launch/t/air-max-90-hyper-grape-particle-grey,False
【NIKE公式】レディース クラシック コルテッツ 'Summit White/Noble Red' (CI7854-100 / WOMEN’S CLASSIC CORTEZ),https://www.nike.com/jp/launch/t/womens-classic-cortez-summit-white-noble-red,False
【NIKE公式】ナイキ ダンク LOW 'Plum’ (CU1726-500 / DUNK LOW),https://www.nike.com/jp/launch/t/dunk-low-plum,False
【NIKE公式】SNKRS Special Vol.1：ダンク LOW 'Plum',https://www.nike.com/jp/launch/t/snkrs-special-vol-1-dunk-low-plum,False
【NIKE公式】レディース エア マックス 90 'Game Royal’ (CD0490-100 / WOMEN'S AM 90),https://www.nike.com/jp/launch/t/womens-air-max-90-game-royal,False
【NIKE公式】レディース エア マックス 90 'Rose/Smoke Grey’ (CD0490-102 / WOMEN'S AM 90),https://www.nike.com/jp/launch/t/womens-air-max-90-rose-smoke-grey,False
【NIKE公式】ナイキ リアクト ビジョン 'Gravity Purple' (CD4373-002 / NIKE REACT VISION),https://www.nike.com/jp/launch/t/react-vision-gravity-purple,False
【NIKE公式】ナイキ リアクト ビジョン 'Honeycomb' (CD4373-100 / REACT VISION),https://www.nike.com/jp/launch/t/react-vision-honeycomb,False
【NIKE公式】ウィメンズ リアクト ビジョン 'Gravity Purple/Volt’ (CI7523-002 / WOMEN'S REACT VISION),https://www.nike.com/jp/launch/t/womens-react-vision-gravity-purple-volt,False
【NIKE公式】Nike By You 'Maharishi',https://www.nike.com/jp/launch/t/nby-maharishi-sp20-jp,False
【NIKE公式】SNKRS Stash ,https://www.nike.com/jp/launch/t/snkrs-stash-air-jordan-1-85-jp,False
【NIKE公式】レディース エア ジョーダン 5 'Iridescent Oil Grey' (CD2722-001 / WOMEN'S AJ V),https://www.nike.com/jp/launch/t/womens-air-jordan-5-iridescent-oil-grey,False
【NIKE公式】エア ヴェイパーマックス 360 'Vast Grey/White' (CK2718-002 / AIR VAPORMAX 360),https://www.nike.com/jp/launch/t/air-vapormax-360-vast-grey-white,False
【NIKE公式】MAMBA FOREVER,https://www.nike.com/jp/launch/t/mamba-farewell,False
リアクト プレスト x アンダーカバー 'Black' 発売日,https://www.nike.com/jp/launch/t/react-presto-undercover-black,False
リアクト プレスト x アンダーカバー 'White' 発売日,https://www.nike.com/jp/launch/t/react-presto-undercover-white,False
リアクト プレスト x アンダーカバー 'Mahogany' 発売日,https://www.nike.com/jp/launch/t/react-presto-undercover-mahogany,False
【NIKE公式】レディース エア マックス 90 'Laser Fuchsia/Illusion Green' (CQ2559-100 / WOMEN'S AM 90),https://www.nike.com/jp/launch/t/womens-air-max-90-laser-fuchsia-illusion-green,False
【NIKE公式】レディース エア マックス 90 'Rave Culture Pack' (CW3499-300 / WOMEN'S AM 90 LX),https://www.nike.com/jp/launch/t/womens-air-max-90-illusion-green-sunset-pulse,False
リアクト セルトゥ '10th Collection' 発売日,https://www.nike.com/jp/launch/t/react-sertu-10th-collection,False
【NIKE公式】レディース デイブレイク 'University Red/Gold Suede' (CQ7619-700 / WOMEN’S DAYBREAK),https://www.nike.com/jp/launch/t/womens-daybreak-university-red-gold-suede,False
【NIKE公式】ACG エア テラ アンタークティック GORE-TEX 'Midnight' (BV6348-001 / ACG AIR TERRA ANARKTIK GTX),https://www.nike.com/jp/launch/t/acg-air-terra-antarktik-gore-tex-midnight,False
【NIKE公式】ACG エア テラ アンタークティック GORE-TEX 'Juniper Fog/Jade Stone' (BV6348-300 / ACG AIR TERRA ANTARKTIK GORE-TEX),https://www.nike.com/jp/launch/t/acg-air-terra-antarktik-gore-tex-juniper-fog-jade-stone,False
【NIKE公式】CG ズーム テラ ザヒーラ 'Rush Pink/Racer Blue' (CQ0076-600 / ACG ZOOM TERRA ZAHERRA),https://www.nike.com/jp/launch/t/acg-zoom-terra-zaherra-rush-pink-racer-blue,False
【NIKE公式】エア マックス 1 プレミアム 'Chinese New Year' (CU8861-460 / AM 1 PREMIUM),https://www.nike.com/jp/launch/t/air-max-1-premium-chinese-new-year,False
【NIKE公式】レディース エア アクア リフト 'White/Summit White' (BQ4797-100 / W NIKE AIR AQUA RIFT),https://www.nike.com/jp/launch/t/womens-air-aqua-rift-white-summit-white,False
【NIKE公式】レディース エア アクア リフト 'Original Mashup' (BQ4797-400 / W NIKE AIR AQUA RIFT),https://www.nike.com/jp/launch/t/womens-air-aqua-rift-original-mashup,False
【NIKE公式】SB ダンク HIGH 'Paul Rodriguez' (CT6680-100 / SB DUNK HIGH),https://www.nike.com/jp/launch/t/sb-dunk-high-paul-rodriguez,False
【NIKE公式】SB Dunk High 'Paul Rodriguez'のデザイン誕生まで,https://www.nike.com/jp/launch/t/behind-design-sb-dunk-high-paul-rodriguez,False
【NIKE公式】エア ジョーダン 1 HIGH 'Black/Gym Red' (555088-060 / AJ 1 HIGH),https://www.nike.com/jp/launch/t/air-jordan-1-high-black-gym-red,False
【NIKE公式】エア ジョーダン 1 HIGH Black/Gym Red (555088-060),https://www.nike.com/jp/launch/t/air-jordan-1-high-black-gym-red-pass-jp,True
レディース エア ジョーダン OG 'White/Black' 発売日,https://www.nike.com/jp/launch/t/womens-air-jordan-og-white-black,False
エア ジョーダン 13 'Black/Gym Red' 発売日,https://www.nike.com/jp/launch/t/air-jordan-13-black-gym-red,False
【NIKE公式】レディース エア マックス 90 'Volt/Particle Grey' (CD0490-101 / WOMEN'S AM 90),https://www.nike.com/jp/launch/t/womens-air-max-90-volt-particle-grey,False
【NIKE公式】レディース エア マックス 90 'Hyper Grape/Particle Grey' (CD0490-103 / WOMEN'S AM 90),https://www.nike.com/jp/launch/t/womens-air-max-90-hyper-grape-particle-grey,False
【NIKE公式】レディース エア マックス 90 'Light Smoke Grey/Particle Grey' (CD0490-104 / WOMEN'S AM 90),https://www.nike.com/jp/launch/t/womens-air-max-90-light-smoke-grey-particle-grey,False
【NIKE公式】レディース エア フォース 1 'Sage Low' (CQ7511-071 / WOMEN'S AF 1),https://www.nike.com/jp/launch/t/womens-air-force-1-sage-low,False
【NIKE公式】エア マックス 270 リアクト ENG 'Laser Blue/White' (CD0113-400 / AM270 REACT ENG),https://www.nike.com/jp/launch/t/air-max-270-react-eng-laser-blue-white,False
The Dunk Story: SB Beginnings,https://www.nike.com/jp/launch/t/dunk-story-sb-beginnings,False
【NIKE公式】エア マックス 90 x Undefeated 'Black/Opti Yellow' (CJ7197-001 / AM 90 / UNDFTD),https://www.nike.com/jp/launch/t/air-max-90-undefeated-black-opti-yellow,False
【NIKE公式】エア マックス 90 ｘ Undefeated 'Black/Blue Fury' (CJ7197-002 / AM 90 / UNDFEATED),https://www.nike.com/jp/launch/t/air-max-90-undefeated-black-blue-fury,False
【NIKE公式】エア マックス 90 x Undefeated 'White/Opti Yellow' (CJ7197-101 / AM 90 / UNDFTD),https://www.nike.com/jp/launch/t/air-max-90-undefeated-white-opti-yellow,False
【NIKE公式】エア マックス 90 ｘ Undefeated 'White/Blue Fury' (CJ7197-102 / AM 90 / UNDFEATED),https://www.nike.com/jp/launch/t/air-max-90-undefeated-white-blue-fury,False
【NIKE公式】Air Max 90 x Undefeatedのデザイン誕生まで,https://www.nike.com/jp/launch/t/behind-the-design-air-max-90-x-undefeated,False
【NIKE公式】SB ヘリテージ ダンク 'Roswell Rayguns' (BQ6832-001 / SB HERITAGE DUNK (BLACK)),https://www.nike.com/jp/launch/t/sb-heritage-dunk-roswell-rayguns-black,False
【NIKE公式】エア マックス 720 x OBJ 'Canyon Gold/Hyper Grape' (CK2531-001 / AM 720 / OBJ),https://www.nike.com/jp/launch/t/air-max-720-obj-canyon-gold-hyper-grape,False
【NIKE公式】エア ジョーダン 6 'Washed Denim' (CT5350-401 / AJ VI),https://www.nike.com/jp/launch/t/air-jordan-6-washed-denim,False
【NIKE公式】エア ストリーク ライト 'Back On Track' (CU8538-400 / AIR STREAK LITE),https://www.nike.com/jp/launch/t/air-streak-lite-back-on-track,False
【NIKE公式】レディース デイブレイク 'Total Orange/Dynamic Yellow' (CQ7620-001 / WOMEN'S DAYBREAK),https://www.nike.com/jp/launch/t/womens-day-break-total-orange-dynamic-yellow,False
【NIKE公式】エア フォース 1 'Colin Kaepernick' (CQ0493-001 / AF1),https://www.nike.com/jp/launch/t/air-force-1-colin-kaepernick,False
【NIKE公式】エア フォース 1 CK (CQ0493-001),https://www.nike.com/jp/launch/t/air-force-1-colin-kaepernick-pass-jp,True
【NIKE公式】エア ジョーダン 4 'Winterized' (CQ9597-401 / AJ 4 RETRO WNTR),https://www.nike.com/jp/launch/t/air-jordan-4-winterized,False
【NIKE公式】エア マックス 90 'CS' (CT2007-100 / AM90),https://www.nike.com/jp/launch/t/air-max-90-cs,False
【NIKE公式】ダンク LOW 'Nike x Off-White' (CT0856-100 / DUNK / OFF-WHITE),https://www.nike.com/jp/launch/t/dunk-low-off-white-pine-green-white,False
【NIKE公式】ダンク LOW 'Nike x Off-White' (CT0856-600 / DUNK / OFF-WHITE),https://www.nike.com/jp/launch/t/dunk-low-off-white-university-red,False
【NIKE公式】ダンク LOW 'Nike x Off-White' (CT0856-700 / DUNK / OFF-WHITE),https://www.nike.com/jp/launch/t/dunk-low-off-white-university-gold-midnight-navy,False
ダンクのストーリー：Co.Jp時代,https://www.nike.com/jp/launch/t/dunk-story-co-jp-era,False
The Dunk Story: OG Years,https://www.nike.com/jp/launch/t/dunk-story-og-years,False
【NIKE公式】エア ジョーダン 3 'Animal Instinct' (CK4344-002 / AJ 3 RETRO SP),https://www.nike.com/jp/launch/t/air-jordan-3-animal-instinct,False
【NIKE公式】エア マックス 90 'Lahar Escape' (CI5646-200 / AM 90 NRG),https://www.nike.com/jp/launch/t/air-max-90-lahar-escape-light-cream,False
【NIKE公式】エア マックス 90 'Lahar Escape' (CI5646-100 / AM 90 NRG),https://www.nike.com/jp/launch/t/air-max-90-lahar-escape-white,False
【NIKE公式】レディース ショックス TL ノヴァ 'Metallic Silver/Lime Blast' (CK2085-002 / W SHOX TL NOVA),https://www.nike.com/jp/launch/t/womens-shox-tl-nova-metallic-silver-lime-blast,False
【NIKE公式】レディース ショックス TL ノヴァ 'Black/Hyper Crimson' (CK2085-001 / W SHOX TL NOVA),https://www.nike.com/jp/launch/t/womens-shox-tl-nova-black-hyper-crimson,False
【NIKE公式】エア ジョーダン 11 'Black/Red' (378037-061 / AJ XI),https://www.nike.com/jp/launch/t/air-jordan-11-black-red,False
【NIKE公式】キッズ エア ジョーダン 'Air Jordan 11 Collection' ,https://www.nike.com/jp/launch/t/kids-air-jordan-11-black-red-jp,False
【NIKE公式】エア マックス 90 'Loopwheeler’ (CQ7854-001 / AM 90),https://www.nike.com/jp/launch/t/air-max-90-loopwheeler,False
【NIKE公式】ACG エア モック 3.0 'Black/Midnight Turquoise' (CI9367-001 / ACG AIR MOC 3.0),https://www.nike.com/jp/launch/t/acg-air-moc-3-black-midnight-turquoise,False
【NIKE公式】ACG エア モック 3.0 'Khaki/Black' (CI9367-200 / ACG AIR MOC 3.0),https://www.nike.com/jp/launch/t/acg-air-moc-3-khaki-black,False
【NIKE公式】エア ジョーダン 11 BLACK/RED (378037-061),https://www.nike.com/jp/launch/t/air-jordan-11-black-red-pass-jp,True
エア ジョーダン 11 ブレッド：サーシャ・エリナのスタイリング,https://www.nike.com/jp/launch/t/aj-11-bred-styling-with-sasha,False
隠れた魅力：エア ジョーダン 11ボックスの歴史,https://www.nike.com/jp/launch/t/inside-vault-air-jordan-11-black-red-box-history,False
UNITE：DJキング・マリーをチェック。,https://www.nike.com/jp/launch/t/unite-dj-king-marie,False
UNITE：Harlem Girls Zoneをチェック。,https://www.nike.com/jp/launch/t/unite-harlem-girls-zone,False
【NIKE公式】SNKRS Style: SF AF-1 with H BEAUTY & YOUTH,https://www.nike.com/jp/launch/t/snkrs-style-af-1-liquid-metal-h-beauty-youth,False
【NIKE公式】レディース エア フォース 1 メタリック 'Chrome’ (CQ6566-001 / W AF 1 SP),https://www.nike.com/jp/launch/t/womens-air-force-1-metallic-chrome,False
【NIKE公式】レディース エア フォース 1 メタリック 'Gold' (CQ6566-700 / W AF 1 SP),https://www.nike.com/jp/launch/t/womens-air-force-1-metallic-gold,False
【NIKE公式】レディース エア フォース 1 メタリック 'Bronze' (CQ6566-900 / W AF 1 SP),https://www.nike.com/jp/launch/t/womens-air-force-1-metallic-bronze,False
【NIKE公式】エア マックス 720-818 'Metallic Silver' (BV5841-001 / AM 720-818),https://www.nike.com/jp/launch/t/air-max-720-818-metallic-silver,False
【NIKE公式】エア マックス 720-818 'Metallic Copper' (BV5841-800 / AM 720-818),https://www.nike.com/jp/launch/t/air-max-720-818-metallic-copper,False
【NIKE公式】ナイキ x オフホワイト レディース ワッフル レーサー 'Athlete in Progress' (CD8180-100 / W WAFFLE RACER / OW),https://www.nike.com/jp/launch/t/womens-waffle-racer-off-white-athlete-in-progress-white,False
【NIKE公式】ナイキ x オフホワイト レディース ワッフル レーサー 'Athlete in Progress' (CD8180-400 / W WAFFLE RACER / OW),https://www.nike.com/jp/launch/t/womens-waffle-racer-off-white-athlete-in-progress-vivid-sky,False
【NIKE公式】ナイキ x オフホワイト レディース ワッフル レーサー 'Athlete in Progress' (CD8180-001 / W WAFFLE RACER / OW),https://www.nike.com/jp/launch/t/waffle-racer-off-white-athlete-in-progress-black,False
【NIKE公式】アダプト ハラチ 'Black/Racer Blue' (BV6397-002 / ADAPT HUARACHE),https://www.nike.com/jp/launch/t/adapt-hurache-black-racer-blue,False
Nike c/o ヴァージル・アブロー “Athlete in Progress” 発売日,https://www.nike.com/jp/launch/t/nike-co-virgil-abloh-athlete-in-progress-apparel-collection,False
ダンク LOW 'Viotech' 発売日,https://www.nike.com/jp/launch/t/dunk-low-viotech,False
【NIKE公式】エア マックス 95 'Loopwheeler' (CQ7853-001 / AM 95 QS LW),https://www.nike.com/jp/launch/t/air-max-95-loopwheeler,False
エア ジョーダン 1 HIGH 'Zoom Fearless' 発売日,https://www.nike.com/jp/launch/t/air-jordan-1-high-zoom-fearless,False
エア ジョーダン 1 MID フィアレス 'Maison Chateau Rouge' 発売日,https://www.nike.com/jp/launch/t/air-jordan-1-mid-fearless-maison-chateau-rouge,False
【NIKE公式】エア マックス トライアックス 96 'University Red' (CD2053-105 / AM 96 TRIAX QS),https://www.nike.com/jp/launch/t/air-max-triax-96-university-red,False
【NIKE公式】エア マックス トライアックス 96 'Varsity Royal' (CD2053-106 / AM 96 TRIAX QS),https://www.nike.com/jp/launch/t/air-max-triax-96-varsity-royal,False
【NIKE公式】ジョイライド セッター 'Nike x MMW' (CU7623-002 / NIKE JOYRIDE CC),https://www.nike.com/jp/launch/t/mmw-joyride-setter-wolf-grey,False
【NIKE公式】ナイキ x MMW 'Joyride Setter' (CU7623-001 / JOYRIDE SETTER),https://www.nike.com/jp/launch/t/mmw-joyride-setter-black,False
エア マックス 720 アンダーカバー 'Black/University Red' 発売日,https://www.nike.com/jp/launch/t/air-max-720-undercover-black-university-red,False
エア マックス 720 アンダーカバー 'University Red/Blue Jay' 発売日,https://www.nike.com/jp/launch/t/air-max-720-undercover-university-red-blue-jay,False
エア マックス 720 アンダーカバー 'Bright Citron/Bright Grape' 発売日,https://www.nike.com/jp/launch/t/air-max-720-undercover-bright-citron-bright-grape,False
ナイキ x アンダーカバー リアクト ブーツ 'Black and Blue Nebula' 発売日,https://www.nike.com/jp/launch/t/react-boot-undercover-black-blue-nebula,False
リアクト ブーツ 'Nike x Undercover' 発売日,https://www.nike.com/jp/launch/t/react-boot-undercover-baroque-brown-amber-rise,False
ナイキ x アンダーカバー Apparelコレクション,https://www.nike.com/jp/launch/t/undercover-apparel-collection,False
エア ジョーダン 14 'Quilted' 発売日,https://www.nike.com/jp/launch/t/air-jordan-14-quilted,False
エア マックス 720 ホライゾン 'Summit White' 発売日,https://www.nike.com/jp/launch/t/air-max-720-horizon-summit-white,False
エア マックス 97 'Corduroy' 発売日,https://www.nike.com/jp/launch/t/air-max-97-corduroy-light-blue,False
エア マックス 98 'Corduroy' 発売日,https://www.nike.com/jp/launch/t/air-max-98-corduroy-thunder-grey,False
エア マックス 98 'Corduroy' 発売日,https://www.nike.com/jp/launch/t/air-max-98-corduroy-amber-rise,False
エア ジョーダン 12 'White/Dark Grey' 発売日,https://www.nike.com/jp/launch/t/air-jordan-12-white-dark-grey,False
リアクト Gore-Tex 'Phantom/Bone' 発売日,https://www.nike.com/jp/launch/t/react-gore-tex-phantom-bone,False
エア ジョーダン 11 'Vast Grey/Silver' 発売日,https://www.nike.com/jp/launch/t/air-jordan-11-vast-grey-metallic-silver,False
【NIKE公式】エア ジョーダン 1 HIGH OG BLACK/RED (555088-062),https://www.nike.com/jp/launch/t/air-jordan-1-high-og-black-red-pass-jp,True
エア ジョーダン 1 HIGH OG 'Black/Red' 発売日,https://www.nike.com/jp/launch/t/air-jordan-1-high-og-black-red,False
ナイキ エア マックス 720 iSPA 'Black/Reflective' 発売日,https://www.nike.com/jp/launch/t/air-max-720-ispa-black-reflective,False
ナイキ エア マックス 720 iSPA 'Summit White/Racer Blue' 発売日,https://www.nike.com/jp/launch/t/air-max-720-ispa-summit-white-racer-blue,False
ISPA ジョイライド エンベロープ 'Black/Metallic Silver' 発売日,https://www.nike.com/jp/launch/t/ispa-joyride-envelope-black-metallic-silver,False
【NIKE公式】コービー 4 プロトロ 'Wizenard' (CV3469-001 / KOBE IV PROTRO),https://www.nike.com/jp/launch/t/kobe-4-protro-wizenard,False
エア フォース 1 'Para Noise' 発売日,https://www.nike.com/jp/launch/t/air-force-1-para-noise-black,False
【NIKE公式】エア ジョーダン 4 'What The' (CI1184-146 / AJ4),https://www.nike.com/jp/launch/t/air-jordan-4-retro-what-the-pass-jp,True
エア ジョーダン 4 レトロ 'What The' 発売日,https://www.nike.com/jp/launch/t/air-jordan-4-retro-what-the,False
【NIKE公式】エア フィア オブ ゴッド 1 'Oatmeal' (AR4237-900 / AIR FOG 1),https://www.nike.com/jp/launch/t/air-fear-of-god-1-oatmeal,False
【NIKE公式】エア フォース 1 'Para Noise' (AQ3692-001 / AJ1),https://www.nike.com/jp/launch/t/air-force-1-para-noise-black-pass-jp,True
エア ジョーダン 1 MID フィアレス 'Facetasm' 発売日,https://www.nike.com/jp/launch/t/air-jordan-1-mid-fearless-facetasm,False
SB ブレーザー MID 'Nike x Soulland FRI.day' 発売日,https://www.nike.com/jp/launch/t/sb-blazer-mid-soulland-friday,False
【NIKE公式】SNKRS PASS エア ジョーダン 1 'FACETASM',https://www.nike.com/jp/launch/t/air-jordan-1-mid-fearless-facetasm-pass-jp,True
【NIKE公式】Sneak Peek：サイラス・アドラーがデザインするFRI.day,https://www.nike.com/jp/launch/t/sneak-peek-silas-adler,False
レディース エア フォース 1 ラックス 'White/Chrome Yellow' 発売日,https://www.nike.com/jp/launch/t/womens-air-force-1-lux-white-chrome-yellow,False
エア フォース 1 'Cactus Jack' 発売日,https://www.nike.com/jp/launch/t/air-force-1-cactus-jack,False
【NIKE公式】Air Force 1 'Cactus Jack'のデザイン誕生まで,https://www.nike.com/jp/launch/t/behind-the-design-af1-1,False
エア ジョーダン 1 MID フィアレス 'Blue the Great' 発売日,https://www.nike.com/jp/launch/t/air-jordan-1-mid-fearless-blue-the-great,False
【NIKE公式】Blue The Greatのデザイン誕生まで,https://www.nike.com/jp/launch/t/behind-the-design-blue-the-great,False
【NIKE公式】SNKRS PASS エア フォース 1 'CACTUS JACK',https://www.nike.com/jp/launch/t/air-force-1-cactus-jack-pass-jp,True
エア ジョーダン 1 MID フィアレス 'Melody Ehsani' 発売日,https://www.nike.com/jp/launch/t/air-jordan-1-mid-fearless-melody-ehsani,False
【NIKE公式】Melody Ehsaniのデザイン誕生まで,https://www.nike.com/jp/launch/t/behind-the-design-melody-ehsani,False
エア マックス 90 'Camowabb' 発売日,https://www.nike.com/jp/launch/t/air-max-90-camowabb,False
ナイキ x オフホワイト ヴェイパー ストリート 'Athlete in Progress' 発売日,https://www.nike.com/jp/launch/t/vapor-street-off-white-athlete-in-progress-black,False
ナイキ x オフホワイト ヴェイパー ストリート 'Athlete in Progress' 発売日,https://www.nike.com/jp/launch/t/vapor-street-off-white-athlete-in-progress-polarized-blue,False
【NIKE公式】ナイキ x オフホワイト ヴェイパー ストリート 'Athlete in Progress' (CD8178-700 / NIKE X OFF-WHITE VAPOR STREET),https://www.nike.com/jp/launch/t/vapor-street-off-white-athlete-in-progress-tour-yellow,False
エア ジョーダン 1 LOW リアクト フィアレス ワンズ 'Ghetto Gastro' 発売日,https://www.nike.com/jp/launch/t/air-jordan-1-low-react-fearless-ones-ghetto-gastro,False
【NIKE公式】アダプト ハラチ 'Hyper Jade/Total Orange' (BV6397-300 / NIKE ADAPT HUARACHE),https://www.nike.com/jp/launch/t/adapt-huarache-hyper-jade-total-orange,False
【NIKE公式】ナイキ エア マックス 1 'Air Huarache' (AR3863-100 / AM 1),https://www.nike.com/jp/launch/t/air-max-1-air-huarache,False
ナイキ エア ハラチ 1 'Air Max 1' 発売日,https://www.nike.com/jp/launch/t/air-huarache-air-max-1,False
【NIKE公式】エア フォース 1 'Shadow' (AIR FORCE 1 SHADOW CI0919-101),https://www.nike.com/jp/launch/t/air-force-1-shadow-101-jp,False
【NIKE公式】エア フォース 1 'Shadow' (AIR FORCE 1 SHADOW CI0919-003),https://www.nike.com/jp/launch/t/air-force-1-shadow-003-jp,False
【NIKE公式】エア フォース 1 'Shadow' ( AIR FORCE 1 SHADOW CI0919-001),https://www.nike.com/jp/launch/t/air-force-1-shadow-001-jp,False
【NIKE公式】エア フォース 1 'Shadow' ( AIR FORCE 1 SHADOW CI0919-100),https://www.nike.com/jp/launch/t/air-force-1-shadow-100-jp,False
【NIKE公式】エア フォース 1 'Shadow' ( AIR FORCE 1 SHADOW CI0919-400),https://www.nike.com/jp/launch/t/air-force-1-shadow-400,False
【NIKE公式】レディース ズーム X ビスタ グラインド 'Pale Ivory' (BQ4800-101 / NIKE ZOOM X VISTA GRIND),https://www.nike.com/jp/launch/t/womens-zoom-x-vista-pale-ivory-jp,False
エア ジョーダン 5 'Island Green’ 発売日,https://www.nike.com/jp/launch/t/air-jordan-5-island-green,False
エア フォース 1 'CLOT' 発売日,https://www.nike.com/jp/launch/t/air-force-1-clot-game-royal,False
隠れた魅力：NIKE X CLOT,https://www.nike.com/jp/launch/t/inside-vault-clot,False
【NIKE公式】カイリー 6 'Tokyo’ (CQ7634-601 / KYRIE VI PRE HEAT EP),https://www.nike.com/jp/launch/t/kyrie-6-tokyo,False
エア ジョーダン 13 'Island Green' 発売日,https://www.nike.com/jp/launch/t/air-jordan-13-island-green,False
エア バラージ MID 'Hyper Jade/Racer Blue' 発売日,https://www.nike.com/jp/launch/t/air-barrage-mid-hyper-jade-racer-blue,False
エア フォース 1 '07 LV8 'Prism Pink/Flash Crimson' 発売日,https://www.nike.com/jp/launch/t/air-force-1-07-lv8-prism-pink-flash-crimson,False
【NIKE公式】レディース エア ジョーダン 4 'Nike x Olivia Kim' (CK2925-001 / AJ IV),https://www.nike.com/jp/launch/t/womens-air-jordan-4-olivia-kim-no-cover,False
レディース エア マックス 98 'Nike x Olivia Kim' 発売日,https://www.nike.com/jp/launch/t/womens-air-max-98-olivia-kim-no-cover,False
ウィメンズ エア モワブ 'Nike x Olivia Kim' 発売日,https://www.nike.com/jp/launch/t/womens-air-mowabb-olivia-kim-no-cover,False
レディース エア フォース 1 'Nike x Olivia Kim' 発売日,https://www.nike.com/jp/launch/t/womens-air-force-1-olivia-kim-no-cover,False
レディース エア フットスケープ 'Nike x Olivia Kim' 発売日,https://www.nike.com/jp/launch/t/womens-air-footscape-olivia-kim-no-cover,False
エア マックス プラス 3 'Blue Speed' 発売日,https://www.nike.com/jp/launch/t/air-max-plus-3-blue-speed,False
【NIKE公式】エア フォース 1 キャンバス オブ ザ ピープル 'Karabo By You' (CT1975-993 / KARABO BY YOU),https://www.nike.com/jp/launch/t/air-force-1-karabo-by-you,False
エア ジョーダン 12 'Black/White' 発売日,https://www.nike.com/jp/launch/t/air-jordan-12-black-white,False
レディース エア マックス ディア 'Multi-Color' 発売日,https://www.nike.com/jp/launch/t/womens-air-max-dia-multi-color,False
DNA シリーズ '87 x 91' 発売日,https://www.nike.com/jp/launch/t/dna-series-87-91,False
リアクト エレメント 55 KL 'Multi-Platinum' 発売日,https://www.nike.com/jp/launch/t/react-element-55-kendrick-lamar-multi-platinum,False
エア ジョーダン 1 HIGH 'Fearless' 発売日,https://www.nike.com/jp/launch/t/air-jordan-1-high-fearless,False
エア フォース 1 'Shibu-Caji' 発売日,https://www.nike.com/jp/launch/t/air-force-1-shibu-caji-white,False
エア フォース 1 'Shibu-Caji' 発売日,https://www.nike.com/jp/launch/t/air-force-1-shibu-caji-black,False
【NIKE公式】SNKRS PASS エア フォース 1 'SBY Collection',https://www.nike.com/jp/launch/t/air-force-1-shibu-caji-white-pass-jp,True
【NIKE公式】SNKRS PASS エア フォース 1 'SBY Collection',https://www.nike.com/jp/launch/t/air-force-1-shibu-caji-black-pass-jp,True
リアクト Gore-Tex 'Bright Ceramic/Thunder Grey' 発売日,https://www.nike.com/jp/launch/t/react-gore-tex-bright-ceramic-thunder-grey,False
【NIKE公式】エア フォース 1 LOW Gore-Tex 'Bright Ceramic' (CK2630-001 / AF 1 LOW GORE-TEX),https://www.nike.com/jp/launch/t/air-force-1-low-gore-tex-black-ceramic,False
エア フォース 1 LOW GORE-TEX 'Olive/Sequoia’ 発売日,https://www.nike.com/jp/launch/t/air-force-1-low-gore-tex-olive-sequoia,False
【NIKE公式】エア フォース 1 LOW Gore-Tex 'Team Gold' (CK2630-700 / AF 1 LOW GORE-TEX),https://www.nike.com/jp/launch/t/air-force-1-low-gore-tex-team-gold,False
【NIKE公式】エア フォース 1 LOW Gore-Tex 'Dynamic Yellow' (CK2630-701 / AF 1 LOW GORE-TEX),https://www.nike.com/jp/launch/t/air-force-1-low-gore-tex-dynamic-yellow,False
【NIKE公式】エア フォース 1 HIGH Gore-Tex 'Thunder Blue/Bright Ceramic' (CQ7211-001 / AF 1 WTR GTX),https://www.nike.com/jp/launch/t/air-force-1-high-gore-tex-thunder-blue-bright-ceramic,False
【NIKE公式】エア フォース 1 WTR Gore-Tex 'Phantom White' (CQ7211-002 / AF 1 WTR GORE-TEX),https://www.nike.com/jp/launch/t/air-force-1-wtr-gore-tex-phantom-white,False
【NIKE公式】エア フォース 1 HIGH Gore-Tex 'Sequoia/Olive' (CQ7211-300 / AF 1 WTR GTX),https://www.nike.com/jp/launch/t/air-force-1-high-gore-tex-sequoia-olive,False
Air Jordan 1 Jester XX Low Laced SE 发布日期,https://www.nike.com/jp/launch/t/air-jordan-1-jester-xx-low-laced-se,False
【NIKE公式】エア ジョーダン 1 HIGH フライイーズ 'Black/Particle Grey/White/Gym Red' (CQ3835-001 / AJ I HIGH FLYEASE),https://www.nike.com/jp/launch/t/air-jordan-1-high-black-particlegrey-white-gymred-jp,False
エア フォース 1 'Shibuya Halloween' 発売日,https://www.nike.com/jp/launch/t/air-force-1-shibuya-halloween,False
【NIKE公式】SNKRS PASS エア フォース 1 'Shibuya Halloween',https://www.nike.com/jp/launch/t/air-force-1-shibuya-halloween-pass-jp,True
エア ジョーダン 7 レトロ 'Black Gloss' 発売日,https://www.nike.com/jp/launch/t/air-jordan-7-retro-black-gloss,False
【NIKE公式】ダンク LOW プロ 'Night of Mischief' (BQ6817-006 / DUNK LOW PRO),https://www.nike.com/jp/launch/t/dunk-low-pro-night-of-mischief,False
【NIKE公式】SB ダンク HIGH プロ 'FPAR' (BV1052-001 SB DUNK HIGH PRO),https://www.nike.com/jp/launch/t/sb-dunk-high-pro-fpar,False
Nike SB Apparelコレクション 'FPAR' 発売日,https://www.nike.com/jp/launch/t/fpar-sb-apparel-collection,False
【NIKE公式】FPAR Dunkのデザイン誕生まで,https://www.nike.com/jp/launch/t/behind-design-fpar-dunk,False
レブロン 7 'Red Carpet' 発売日,https://www.nike.com/jp/launch/t/lebron-7-red-carpet,False
【NIKE公式】Nike x CPFM Apparelコレクション,https://www.nike.com/jp/launch/t/cpfm-apparel-collection,False
エア ジョーダン 1 'Black/Orange' 発売日,https://www.nike.com/jp/launch/t/air-jordan-1-black-orange,False
【NIKE公式】SNKRS PASS エア ジョーダン 1 'BLACK/ORANGE',https://www.nike.com/jp/launch/t/air-jordan-1-black-orange-pass-jp,True
【NIKE公式】レディース ズーム ダブル スタックド 'Summit White' (CI0804-100 / WOMEN'S ZOOM DOUBLE STACKED),https://www.nike.com/jp/launch/t/womens-zoom-double-stacked-summit-white,False
【NIKE公式】SNKRS PASS ダンク LOW 'Ceramic' (DUNK CERAMIC DA1469-001),https://www.nike.com/jp/launch/t/dunk-low-ceramic-pass-jp,True
【NIKE公式】What You Got - Kojima H.,https://www.nike.com/jp/launch/t/what-you-got-koji-jp,False
【NIKE公式】SNKRS PASS エア ジョーダン 1  'Dark Mocha' (AJ1 DARK MOCHA / 555088-105),https://www.nike.com/jp/launch/t/air-jordan-1-high-dark-mocha-pass-jp,True
【NIKE公式】エア マックス 95 NDSTRKT 'Neon Yellow' (NDSTRKT AM 95 / CZ3591-002),https://www.nike.com/jp/launch/t/air-max-95-ndstrkt-neon-yellow,False
【NIKE公式】エア ジョーダン 11 'Jubilee' (AJ 11 RETRO / CT8012-011),https://www.nike.com/jp/launch/t/air-jordan-11-jubilee,False
【NIKE公式】JP SNKRS STYLE: AJ4 Fire Red,https://www.nike.com/jp/launch/t/jp-snkrs-style-aj4-fire-red,False
【NIKE公式】レディース エア ジョーダン 1 MID 'Dark Beetroot' (WMNS AJ 1 MID SE / CZ4385-016),https://www.nike.com/jp/launch/t/womens-air-jordan-1-mid-dark-beetroot,False
Behind the Design,https://www.nike.com/jp/launch/t/behind-the-design-sketch-study-air-jordan-4,False
【NIKE公式】Behind the Design,https://www.nike.com/jp/launch/t/behind-the-design-sb-concepts-dunk-high-mallard,False
【NIKE公式】レディース ダンク HIGH 'Varsity Purple' (W NIKE DUNK HI SP / DC5382-100),https://www.nike.com/jp/launch/t/womens-dunk-high-varsity-purple,False
【NIKE公式】ブレーザー LOW ‘77 ビンテージ 'Midnight Navy' (BLAZER LOW '77 VNTG / DA6364-400),https://www.nike.com/jp/launch/t/blazer-low-77-vintage-midnight-navy,False
【NIKE公式】ブレーザー LOW ‘77 ビンテージ 'Chocolate' (BLAZER LOW '77 VNTG / DA6364-100),https://www.nike.com/jp/launch/t/blazer-low-77-vintage-chocolate,False
【NIKE公式】エア フォース 1 NDSTRKT 'White' (NDSTRKT AF1 / CZ3596-100),https://www.nike.com/jp/launch/t/air-force-1-ndstrkt-white,False
【NIKE公式】エア ジョーダン 4 'Deep Ocean' (AJ 4 RETRO SE / CW0898-400),https://www.nike.com/jp/launch/t/air-jordan-4-deep-ocean,False
【NIKE公式】SNKRS PASS エア ジョーダン 4  'Fire Red' (AJ4 FIRE RED / DC7770-160),https://www.nike.com/jp/launch/t/air-jordan-4-fire-red-pass-jp,True
【NIKE公式】The Story of Dunk – Ep.4 – Collabs,https://www.nike.com/jp/launch/t/the-story-of-dunk-ep-4-collabs,False
